;Classe;DÃ©partement;Nombre individus
0;1887;ain;676
1;1887;aisne;1025
2;1887;allier;0
3;1887;alpes-de-haute-provence;1300
4;1887;alpes-maritimes;0
5;1887;archives+diplomatiques;0
6;1887;archives+nationales+d%27outre+mer;2455
7;1887;ardeche;2068
8;1887;ardennes;2213
9;1887;ariege;522
10;1887;aube;1797
11;1887;aude;3698
12;1887;aveyron;2458
13;1887;bas-rhin;8
14;1887;bouches-du-rhone;3021
15;1887;calvados;0
16;1887;cantal;2398
17;1887;charente;1787
18;1887;charente-maritime;3186
19;1887;cher;1990
20;1887;correze;3376
21;1887;corse;2366
22;1887;cote+d%27or;0
23;1887;cotes+d%27armor;4421
24;1887;creuse;1617
25;1887;deux-sevres;2021
26;1887;dordogne;3337
27;1887;doubs;0
28;1887;drome;2372
29;1887;eure;1585
30;1887;eure-et-loir;915
31;1887;finistere;5843
32;1887;gard;3800
33;1887;gers;1598
34;1887;gironde;5467
35;1887;guadeloupe;0
36;1887;haut-rhin;1
37;1887;haute-garonne;3919
38;1887;haute-loire;2353
39;1887;haute-marne;1494
40;1887;haute-saone;1612
41;1887;haute-savoie;2469
42;1887;haute-vienne;4076
43;1887;hautes-alpes;1009
44;1887;hautes-pyrenees;1870
45;1887;herault;2213
46;1887;ille-et-vilaine;5236
47;1887;indre;3645
48;1887;indre-et-loire;1816
49;1887;isere;4426
50;1887;jura;1795
51;1887;landes;1778
52;1887;loir-et-cher;1001
53;1887;loire;0
54;1887;loire-atlantique;4662
55;1887;loiret;2
56;1887;lot;1491
57;1887;lot-et-garonne;2587
58;1887;lozere;1598
59;1887;maine-et-loire;1675
60;1887;manche;1405
61;1887;marne;4339
62;1887;martinique;0
63;1887;mayenne;2692
64;1887;memoire+des+hommes;72
65;1887;meurthe-et-moselle;3004
66;1887;meuse;1721
67;1887;morbihan;4560
68;1887;moselle;0
69;1887;nievre;4094
70;1887;nord;0
71;1887;oise;0
72;1887;orne;2454
73;1887;paris;16968
74;1887;pas-de-calais;6875
75;1887;puy-de-dome;489
76;1887;pyrenees-atlantiques;4346
77;1887;pyrenees-orientales;1656
78;1887;rhone;0
79;1887;saone-et-loire;5100
80;1887;sarthe;4022
81;1887;savoie;0
82;1887;seine-et-marne;2503
83;1887;seine-maritime;6616
84;1887;somme;3857
85;1887;tarn;1974
86;1887;tarn-et-garonne;1550
87;1887;territoire+de+belfort;1992
88;1887;var;0
89;1887;vaucluse;1734
90;1887;vendee;3221
91;1887;vienne;2540
92;1887;vosges;3821
93;1887;yonne;2541
94;1887;yvelines;0
95;1888;ain;1171
96;1888;aisne;1071
97;1888;allier;0
98;1888;alpes-de-haute-provence;1186
99;1888;alpes-maritimes;0
100;1888;archives+diplomatiques;0
101;1888;ariege;549
102;1888;aude;3474
103;1888;aveyron;2185
104;1888;bas-rhin;4
105;1888;bouches-du-rhone;3185
106;1888;calvados;0
107;1888;cantal;2238
108;1888;charente;1782
109;1888;charente-maritime;3069
110;1888;cher;1852
111;1888;correze;3283
112;1888;corse;2090
113;1888;cote+d%27or;0
114;1888;cotes+d%27armor;4481
115;1888;creuse;1653
116;1888;deux-sevres;1948
117;1888;dordogne;3144
118;1888;doubs;1975
119;1888;drome;2292
120;1888;eure;1425
121;1888;eure-et-loir;3
122;1888;finistere;5556
123;1888;gard;3849
124;1888;gers;1376
125;1888;gironde;5209
126;1888;guadeloupe;0
127;1888;haut-rhin;0
128;1888;haute-garonne;3628
129;1888;haute-loire;2303
130;1888;haute-marne;1374
131;1888;haute-saone;1570
132;1888;haute-savoie;2358
133;1888;haute-vienne;4088
134;1888;hautes-alpes;1011
135;1888;hautes-pyrenees;1789
136;1888;herault;1074
137;1888;ille-et-vilaine;4328
138;1888;indre;3412
139;1888;indre-et-loire;1640
140;1888;isere;4168
141;1888;jura;1843
142;1888;landes;1674
143;1888;loir-et-cher;0
144;1888;loire;0
145;1888;loire-atlantique;5075
146;1888;loiret;17
147;1888;lot;1462
148;1888;lot-et-garonne;2461
149;1888;lozere;1689
150;1888;maine-et-loire;1575
151;1888;manche;1375
152;1888;marne;3788
153;1888;martinique;0
154;1888;mayenne;2751
155;1888;memoire+des+hommes;99
156;1888;meurthe-et-moselle;3005
157;1888;meuse;1690
158;1888;morbihan;4479
159;1888;moselle;0
160;1888;nievre;4054
161;1888;nord;0
162;1888;oise;0
163;1888;orne;2431
164;1888;paris;16903
165;1888;pas-de-calais;6714
166;1888;puy-de-dome;2047
167;1888;pyrenees-atlantiques;3974
168;1888;pyrenees-orientales;1670
169;1888;rhone;0
170;1888;saone-et-loire;4959
171;1888;sarthe;3480
172;1888;savoie;0
173;1888;seine-et-marne;2437
174;1888;seine-maritime;6282
175;1888;somme;3814
176;1888;tarn;1817
177;1888;tarn-et-garonne;1469
178;1888;territoire+de+belfort;1933
179;1888;var;0
180;1888;vaucluse;1624
181;1888;vendee;3275
182;1888;vienne;1603
183;1888;vosges;3671
184;1888;yonne;2335
185;1888;yvelines;0
186;1889;ain;1364
187;1889;aisne;1210
188;1889;allier;1004
189;1889;alpes-de-haute-provence;1320
190;1889;alpes-maritimes;0
191;1889;archives+diplomatiques;0
192;1889;archives+nationales+d%27outre+mer;5933
193;1889;ardeche;2005
194;1889;ardennes;2487
195;1889;ariege;583
196;1889;aube;1803
197;1889;aude;3590
198;1889;aveyron;2441
199;1889;bas-rhin;26
200;1889;bouches-du-rhone;3510
201;1889;calvados;0
202;1897;morbihan;5761
203;1908;haute-savoie;2291
204;1908;haute-saone;2160
205;1892;gard;4451
206;1897;meuse;2310
207;1908;haute-marne;838
208;1908;haute-loire;2270
209;1897;meurthe-et-moselle;0
210;1908;haute-garonne;2931
211;1908;haut-rhin;1721
212;1892;finistere;6695
213;1897;memoire+des+hommes;1206
214;1908;guadeloupe;1373
215;1908;gironde;6979
216;1897;mayenne;2897
217;1908;gers;1472
218;1908;gard;4138
219;1892;eure-et-loir;686
220;1897;martinique;983
221;1908;finistere;7382
222;1908;eure-et-loir;180
223;1897;marne;6318
224;1908;eure;1519
225;1908;drome;2267
226;1892;eure;1664
227;1897;manche;1511
228;1908;doubs;1144
229;1908;dordogne;3935
230;1897;maine-et-loire;0
231;1908;deux-sevres;3140
232;1908;creuse;2159
233;1892;drome;2432
234;1897;lozere;0
235;1908;cotes+d%27armor;5262
236;1908;cote+d%27or;1
237;1897;lot-et-garonne;2781
238;1908;corse;2628
239;1908;correze;2874
240;1892;doubs;1892
241;1897;lot;1670
242;1908;cher;79
243;1908;charente-maritime;3252
244;1897;loiret;72
245;1908;charente;4442
246;1908;cantal;2211
247;1892;dordogne;3829
248;1897;loire-atlantique;5647
249;1908;calvados;0
250;1908;bouches-du-rhone;4804
251;1897;loire;0
252;1908;bas-rhin;2959
253;1908;aveyron;0
254;1892;deux-sevres;2382
255;1897;loir-et-cher;0
256;1908;aude;2300
257;1908;aube;834
258;1897;landes;1989
259;1908;ariege;1520
260;1908;ardennes;2673
261;1892;creuse;1881
262;1897;jura;1906
263;1908;ardeche;2085
264;1908;archives+nationales+d%27outre+mer;8742
265;1897;isere;4640
266;1908;archives+diplomatiques;315
267;1908;alpes-maritimes;2206
268;1892;cotes+d%27armor;5142
269;1897;indre-et-loire;1952
270;1908;alpes-de-haute-provence;942
271;1908;allier;0
272;1897;indre;3791
273;1908;aisne;1179
274;1908;ain;716
275;1892;cote+d%27or;0
276;1897;ille-et-vilaine;5938
277;1907;yvelines;0
278;1907;yonne;2408
279;1897;herault;285
280;1907;vosges;4472
281;1907;vienne;2342
282;1892;corse;2659
283;1897;hautes-pyrenees;3197
284;1907;vendee;3740
285;1907;vaucluse;1668
286;1897;hautes-alpes;1096
287;1907;var;1917
288;1907;territoire+de+belfort;2091
289;1892;correze;4289
290;1897;haute-vienne;4956
291;1907;tarn-et-garonne;1276
292;1907;tarn;3350
293;1897;haute-savoie;2675
294;1907;somme;1905
295;1907;seine-maritime;8013
296;1892;cher;0
297;1897;haute-saone;1760
298;1907;seine-et-marne;2860
299;1907;savoie;0
300;1897;haute-marne;1445
301;1907;sarthe;4313
302;1892;charente-maritime;3664
303;1897;haute-loire;2459
304;1907;rhone;0
305;1907;pyrenees-orientales;1826
306;1897;haute-garonne;3990
307;1907;pyrenees-atlantiques;3969
308;1907;puy-de-dome;964
309;1892;charente;2269
310;1897;haut-rhin;3086
311;1907;pas-de-calais;8746
312;1907;paris;24422
313;1897;guadeloupe;806
314;1907;orne;2285
315;1907;oise;0
316;1892;cantal;2437
317;1897;gironde;6230
318;1907;nord;0
319;1907;nievre;2367
320;1897;gers;1717
321;1907;moselle;0
322;1907;morbihan;4802
323;1892;calvados;0
324;1897;gard;4271
325;1907;meuse;3629
326;1907;meurthe-et-moselle;1528
327;1897;finistere;7258
328;1907;memoire+des+hommes;2516
329;1907;mayenne;2664
330;1892;bouches-du-rhone;3751
331;1897;eure-et-loir;50
332;1907;martinique;1121
333;1907;marne;5504
334;1897;eure;1651
335;1907;manche;1513
336;1907;maine-et-loire;0
337;1892;bas-rhin;48
338;1897;drome;2337
339;1907;lozere;0
340;1907;lot-et-garonne;1926
341;1897;doubs;1852
342;1907;lot;1672
343;1907;loiret;376
344;1892;aveyron;2595
345;1897;dordogne;3718
346;1907;loire-atlantique;5606
347;1907;loire;3170
348;1897;deux-sevres;2408
349;1907;loir-et-cher;0
350;1907;landes;2480
351;1892;aude;3942
352;1897;creuse;1766
353;1907;jura;414
354;1907;isere;0
355;1897;cotes+d%27armor;4950
356;1907;indre-et-loire;2540
357;1907;indre;2441
358;1892;aube;1923
359;1897;cote+d%27or;23
360;1907;ille-et-vilaine;5874
361;1907;herault;1448
362;1897;corse;2289
363;1907;hautes-pyrenees;2632
364;1907;hautes-alpes;1048
365;1892;ariege;2184
366;1897;correze;4161
367;1907;haute-vienne;3446
368;1907;haute-savoie;2249
369;1897;cher;2886
370;1907;haute-saone;2239
371;1907;haute-marne;1263
372;1892;ardennes;2680
373;1897;charente-maritime;3476
374;1907;haute-loire;2630
375;1907;haute-garonne;3168
376;1897;charente;2314
377;1907;haut-rhin;1536
378;1907;guadeloupe;1346
379;1892;ardeche;2139
380;1897;cantal;2498
381;1907;gironde;6050
382;1907;gers;1505
383;1897;calvados;0
384;1907;gard;4036
385;1907;finistere;7479
386;1892;archives+nationales+d%27outre+mer;5958
387;1897;bouches-du-rhone;3961
388;1907;eure-et-loir;700
389;1907;eure;1592
390;1897;bas-rhin;2533
391;1907;drome;2335
392;1907;doubs;1224
393;1892;archives+diplomatiques;0
394;1897;aveyron;2580
395;1907;dordogne;3859
396;1907;deux-sevres;2971
397;1897;aude;3786
398;1907;creuse;2174
399;1907;cotes+d%27armor;4541
400;1892;alpes-maritimes;0
401;1897;aube;1928
402;1907;cote+d%27or;0
403;1907;corse;2860
404;1907;correze;2822
405;1892;alpes-de-haute-provence;1399
406;1907;saone-et-loire;4865
407;1897;ardennes;2668
408;1906;haute-garonne;3089
409;1896;meurthe-et-moselle;0
410;1891;saone-et-loire;4274
411;1906;haute-loire;2720
412;1906;haute-marne;888
413;1896;meuse;2323
414;1906;haute-saone;2049
415;1906;haute-savoie;2317
416;1896;morbihan;5627
417;1891;sarthe;3666
418;1906;haute-vienne;3407
419;1906;hautes-alpes;1033
420;1896;moselle;0
421;1906;hautes-pyrenees;2384
422;1906;herault;672
423;1896;nievre;4472
424;1891;savoie;0
425;1906;ille-et-vilaine;5190
426;1906;indre;2534
427;1896;nord;6
428;1906;indre-et-loire;2523
429;1906;isere;0
430;1896;oise;0
431;1891;seine-et-marne;2259
432;1906;jura;372
433;1906;landes;2493
434;1896;orne;2670
435;1906;loir-et-cher;0
436;1906;loire;3135
437;1896;paris;21609
438;1891;seine-maritime;5941
439;1906;loire-atlantique;5550
440;1906;loiret;4
441;1896;pas-de-calais;8284
442;1906;lot;1610
443;1906;lot-et-garonne;1985
444;1896;puy-de-dome;1
445;1891;somme;3169
446;1906;lozere;0
447;1906;maine-et-loire;0
448;1896;pyrenees-atlantiques;4835
449;1906;manche;1552
450;1906;marne;4510
451;1896;pyrenees-orientales;905
452;1891;tarn;2178
453;1906;martinique;1202
454;1906;mayenne;2495
455;1896;rhone;0
456;1906;memoire+des+hommes;2279
457;1906;meurthe-et-moselle;225
458;1896;saone-et-loire;5554
459;1891;tarn-et-garonne;1342
460;1906;meuse;3263
461;1906;morbihan;3108
462;1896;sarthe;20969
463;1906;moselle;0
464;1906;nievre;2831
465;1896;savoie;0
466;1891;territoire+de+belfort;1741
467;1906;nord;0
468;1906;oise;0
469;1896;seine-et-marne;2915
470;1906;orne;1849
471;1906;paris;23657
472;1896;seine-maritime;7576
473;1891;var;0
474;1906;pas-de-calais;8831
475;1906;puy-de-dome;1338
476;1896;somme;4153
477;1906;pyrenees-atlantiques;4131
478;1906;pyrenees-orientales;1917
479;1896;tarn;2470
480;1891;vaucluse;1668
481;1906;rhone;0
482;1906;saone-et-loire;4845
483;1896;tarn-et-garonne;1628
484;1906;sarthe;4011
485;1906;savoie;0
486;1896;territoire+de+belfort;2395
487;1891;vendee;3055
488;1906;seine-et-marne;2709
489;1906;seine-maritime;7814
490;1896;var;0
491;1906;somme;1569
492;1906;tarn;3095
493;1896;vaucluse;1806
494;1891;vienne;1765
495;1906;tarn-et-garonne;1399
496;1906;territoire+de+belfort;2104
497;1896;vendee;3961
498;1906;var;1965
499;1906;vaucluse;1673
500;1896;vienne;2248
501;1891;vosges;3320
502;1906;vendee;3847
503;1906;vienne;1701
504;1896;vosges;4516
505;1906;vosges;4235
506;1906;yonne;2590
507;1897;ain;659
508;1891;yvelines;3679
509;1907;alpes-maritimes;2052
510;1897;aisne;1222
511;1907;archives+diplomatiques;320
512;1907;archives+nationales+d%27outre+mer;9412
513;1897;allier;0
514;1892;ain;299
515;1907;ardeche;1993
516;1907;ardennes;2499
517;1897;alpes-de-haute-provence;1229
518;1907;ariege;1579
519;1907;aube;229
520;1897;alpes-maritimes;0
521;1892;aisne;1161
522;1907;aude;2444
523;1907;aveyron;0
524;1897;archives+diplomatiques;0
525;1907;bas-rhin;2937
526;1907;bouches-du-rhone;4316
527;1897;archives+nationales+d%27outre+mer;6444
528;1892;allier;0
529;1907;calvados;0
530;1907;cantal;1888
531;1897;ardeche;2051
532;1907;charente;4333
533;1907;charente-maritime;3178
534;1907;cher;64
535;1897;ariege;1573
536;1905;yonne;2571
537;1909;calvados;0
538;1914;moselle;3135
539;1914;nievre;2730
540;1909;cantal;2187
541;1914;puy-de-dome;1632
542;1914;orne;2902
543;1905;yvelines;5313
544;1909;charente;5465
545;1914;seine-maritime;8527
546;1914;somme;4270
547;1909;charente-maritime;3317
548;1914;vendee;3783
549;1914;saone-et-loire;5256
550;1896;ille-et-vilaine;5844
551;1909;cher;86
552;1915;archives+diplomatiques;450
553;1909;correze;3240
554;1915;aude;2275
555;1915;ardennes;3299
556;1906;ain;389
557;1909;corse;2745
558;1915;cher;97
559;1915;correze;2915
560;1909;cote+d%27or;0
561;1915;dordogne;3758
562;1914;yvelines;6437
563;1906;aisne;1065
564;1909;cotes+d%27armor;3948
565;1915;haut-rhin;3218
566;1915;haute-garonne;3620
567;1909;creuse;2322
568;1915;hautes-alpes;956
569;1915;haute-saone;2133
570;1896;indre;3960
571;1909;deux-sevres;3136
572;1915;landes;2504
573;1915;loir-et-cher;0
574;1909;dordogne;4051
575;1915;lozere;0
576;1915;indre;2373
577;1891;nord;1
578;1909;doubs;1286
579;1915;morbihan;5936
580;1915;moselle;0
581;1909;drome;2289
582;1915;pas-de-calais;10338
583;1915;oise;0
584;1889;gironde;5417
585;1909;eure;1546
586;1915;seine-et-marne;2879
587;1915;seine-maritime;8375
588;1909;eure-et-loir;1061
589;1915;vaucluse;1763
590;1915;eure-et-loir;27
591;1906;allier;0
592;1909;finistere;7596
593;1916;archives+diplomatiques;461
594;1916;archives+nationales+d%27outre+mer;8655
595;1909;gard;3336
596;1916;aveyron;0
597;1917;eure-et-loir;114
598;1906;alpes-de-haute-provence;903
599;1909;gers;1534
600;1918;mayenne;2781
601;1919;gard;0
602;1909;gironde;7588
603;1919;memoire+des+hommes;392
604;1896;indre-et-loire;2072
605;1909;guadeloupe;1301
606;1919;vosges;4933
607;1892;haut-rhin;4
608;1906;alpes-maritimes;2121
609;1909;haute-garonne;3129
610;1892;haute-loire;2525
611;1909;haute-loire;2212
612;1892;haute-marne;1591
613;1906;archives+diplomatiques;316
614;1909;haute-marne;1504
615;1892;haute-savoie;2583
616;1909;haute-saone;2122
617;1892;hautes-alpes;1181
618;1892;hautes-pyrenees;2794
619;1909;haute-savoie;2268
620;1892;herault;80
621;1892;ille-et-vilaine;6231
622;1892;indre;3926
623;1892;indre-et-loire;2181
624;1891;oise;0
625;1909;hautes-alpes;948
626;1892;isere;4585
627;1909;ille-et-vilaine;5573
628;1892;lot;1637
629;1906;ardeche;2150
630;1909;indre;1869
631;1892;lozere;1500
632;1909;indre-et-loire;2572
633;1892;maine-et-loire;0
634;1892;manche;1566
635;1896;jura;2075
636;1909;isere;0
637;1892;martinique;777
638;1910;pyrenees-orientales;1737
639;1914;alpes-maritimes;2211
640;1909;jura;425
641;1892;mayenne;3097
642;1916;herault;2106
643;1918;loire-atlantique;6781
644;1911;bouches-du-rhone;5235
645;1919;moselle;0
646;1916;corse;2679
647;1892;memoire+des+hommes;524
648;1915;bas-rhin;3765
649;1914;eure-et-loir;822
650;1912;martinique;1442
651;1914;vosges;5030
652;1910;mayenne;2600
653;1917;martinique;1766
654;1911;ariege;1504
655;1911;pyrenees-orientales;1722
656;1918;territoire+de+belfort;2173
657;1909;landes;2511
658;1892;meurthe-et-moselle;760
659;1892;meuse;1917
660;1911;doubs;1203
661;1913;pyrenees-orientales;1768
662;1913;eure;1601
663;1913;loiret;336
664;1909;loir-et-cher;0
665;1892;morbihan;4924
666;1915;mayenne;2600
667;1916;gard;2283
668;1916;manche;1891
669;1917;corse;3080
670;1892;moselle;0
671;1918;moselle;0
672;1917;archives+nationales+d%27outre+mer;10999
673;1919;aveyron;0
674;1919;seine-maritime;8783
675;1918;somme;5210
676;1910;rhone;0
677;1910;marne;6938
678;1910;vienne;1887
679;1911;herault;1105
680;1890;bouches-du-rhone;3607
681;1889;herault;2428
682;1890;bas-rhin;35
683;1890;aveyron;2320
684;1889;hautes-alpes;1013
685;1890;aude;3529
686;1890;aube;1830
687;1889;territoire+de+belfort;1995
688;1890;ariege;1032
689;1889;tarn-et-garonne;1565
690;1890;ardeche;2040
691;1889;tarn;2371
692;1889;somme;3954
693;1889;yvelines;0
694;1889;seine-et-marne;2629
695;1889;savoie;1000
696;1889;vosges;3947
697;1889;sarthe;4197
698;1889;marne;4588
699;1889;vendee;3311
700;1889;manche;1391
701;1889;maine-et-loire;1582
702;1897;orne;2656
703;1889;lozere;1931
704;1889;lot-et-garonne;2782
705;1908;jura;227
706;1889;lot;1590
707;1889;loiret;173
708;1908;isere;0
709;1889;loire-atlantique;4783
710;1889;loire;0
711;1892;gironde;5931
712;1889;loir-et-cher;998
713;1889;landes;1783
714;1890;cher;114
715;1889;jura;1848
716;1889;isere;4299
717;1890;charente;1586
718;1889;indre-et-loire;1854
719;1889;indre;3564
720;1890;calvados;0
721;1889;ille-et-vilaine;4975
722;1892;gers;1728
723;1889;puy-de-dome;1230
724;1897;moselle;0
725;1908;hautes-alpes;940
726;1908;haute-vienne;3630
727;1889;paris;18388
728;1889;orne;2733
729;1890;alpes-maritimes;0
730;1889;oise;0
731;1889;nord;0
732;1890;allier;0
733;1889;nievre;4000
734;1889;moselle;0
735;1890;ain;695
736;1889;seine-maritime;6767
737;1889;meuse;1702
738;1889;meurthe-et-moselle;3132
739;1889;memoire+des+hommes;269
740;1888;archives+nationales+d%27outre+mer;2380
741;1889;haute-savoie;2587
742;1888;ardeche;2026
743;1888;ardennes;2116
744;1889;haute-marne;1412
745;1889;vaucluse;1897
746;1897;nord;18
747;1889;haute-garonne;3851
748;1908;indre;2400
749;1908;ille-et-vilaine;5541
750;1889;martinique;666
751;1897;nievre;4258
752;1908;herault;457
753;1889;rhone;0
754;1889;pyrenees-orientales;1735
755;1907;aisne;1151
756;1896;yonne;2728
757;1891;yonne;1990
758;1907;ain;328
759;1906;yvelines;5328
760;1907;allier;0
761;1919;sarthe;0
762;1909;hautes-pyrenees;2791
763;1892;landes;1818
764;1906;archives+nationales+d%27outre+mer;7813
765;1892;jura;1963
766;1910;eure-et-loir;585
767;1909;lot;1539
768;1917;puy-de-dome;5
769;1917;seine-et-marne;4073
770;1918;cotes+d%27armor;5511
771;1912;haute-vienne;3111
772;1911;yonne;1990
773;1906;ariege;1626
774;1892;nievre;4500
775;1915;alpes-maritimes;2385
776;1913;lozere;0
777;1899;puy-de-dome;0
778;1893;haut-rhin;154
779;1895;haute-saone;1762
780;1893;guadeloupe;538
781;1913;ille-et-vilaine;5412
782;1899;oise;0
783;1913;aube;2432
784;1899;haute-vienne;4901
785;1899;haute-savoie;2543
786;1903;seine-et-marne;2681
787;1903;savoie;0
788;1913;bas-rhin;3382
789;1895;haute-marne;1413
790;1893;gard;4433
791;1912;manche;1859
792;1899;meuse;3081
793;1897;paris;21748
794;1899;memoire+des+hommes;1474
795;1903;sarthe;4381
796;1893;charente;1950
797;1899;haut-rhin;2947
798;1903;saone-et-loire;5244
799;1906;haut-rhin;1482
800;1919;morbihan;6086
801;1899;marne;6131
802;1911;vienne;1541
803;1893;eure;1600
804;1912;ille-et-vilaine;4826
805;1893;drome;2886
806;1893;doubs;0
807;1912;indre;2273
808;1899;loiret;42
809;1912;cote+d%27or;0
810;1891;charente-maritime;2728
811;1912;gard;4049
812;1899;loire;4107
813;1895;haute-loire;2665
814;1896;memoire+des+hommes;1074
815;1899;landes;1992
816;1911;moselle;0
817;1899;jura;1954
818;1912;aisne;1087
819;1893;cotes+d%27armor;4450
820;1911;sarthe;0
821;1893;bouches-du-rhone;3796
822;1903;pyrenees-orientales;1821
823;1906;guadeloupe;1283
824;1899;ille-et-vilaine;5699
825;1899;herault;348
826;1911;marne;9960
827;1895;haute-garonne;3966
828;1899;hautes-alpes;1170
829;1893;correze;3942
830;1903;pyrenees-atlantiques;3904
831;1906;gironde;5941
832;1899;doubs;0
833;1909;lot-et-garonne;2037
834;1903;puy-de-dome;1
835;1891;orne;2314
836;1899;dordogne;3607
837;1910;nievre;2627
838;1891;charente;1505
839;1893;cher;17
840;1899;haute-saone;1666
841;1899;haute-marne;1497
842;1899;haute-loire;2423
843;1911;bas-rhin;3274
844;1899;guadeloupe;719
845;1910;var;1892
846;1893;cantal;2348
847;1910;yonne;1817
848;1899;gers;1646
849;1893;calvados;0
850;1899;gard;3581
851;1899;finistere;7013
852;1910;haute-saone;2074
853;1899;eure;1550
854;1910;martinique;1544
855;1893;bas-rhin;64
856;1910;hautes-alpes;829
857;1895;haut-rhin;2854
858;1893;aude;3825
859;1899;creuse;1787
860;1893;aube;2008
861;1919;indre;2392
862;1903;pas-de-calais;8641
863;1910;gers;1365
864;1896;mayenne;2945
865;1892;pyrenees-atlantiques;4166
866;1899;corse;2317
867;1903;paris;23499
868;1916;vosges;4924
869;1899;correze;4115
870;1919;loiret;89
871;1895;guadeloupe;1213
872;1919;doubs;0
873;1899;cher;4517
874;1919;correze;3632
875;1899;charente-maritime;3539
876;1918;pyrenees-atlantiques;5047
877;1899;charente;2507
878;1918;seine-maritime;8759
879;1906;gard;4222
880;1893;ardeche;2103
881;1899;cantal;2414
882;1891;cantal;2282
883;1892;puy-de-dome;0
884;1899;calvados;0
885;1893;archives+nationales+d%27outre+mer;5797
886;1895;gironde;5947
887;1917;morbihan;7378
888;1899;bas-rhin;2617
889;1903;nord;2540
890;1893;archives+diplomatiques;0
891;1903;nievre;3669
892;1906;finistere;7311
893;1899;aude;3750
894;1895;gers;1657
895;1917;loiret;251
896;1899;aube;871
897;1892;pas-de-calais;8070
898;1903;moselle;0
899;1906;eure-et-loir;271
900;1892;paris;23138
901;1893;alpes-de-haute-provence;1217
902;1899;ardennes;3008
903;1903;morbihan;5636
904;1899;ardeche;2058
905;1893;allier;0
906;1891;calvados;0
907;1915;memoire+des+hommes;3536
908;1899;archives+nationales+d%27outre+mer;6398
909;1916;memoire+des+hommes;2600
910;1899;archives+diplomatiques;0
911;1895;gard;4604
912;1893;aisne;1228
913;1899;alpes-maritimes;0
914;1903;meuse;3264
915;1896;marne;6259
916;1915;haute-savoie;2436
917;1899;alpes-de-haute-provence;1218
918;1916;charente;5536
919;1914;marne;11081
920;1895;finistere;7192
921;1914;paris;27317
922;1892;yvelines;4594
923;1915;lot-et-garonne;2007
924;1899;ain;210
925;1903;memoire+des+hommes;2191
926;1915;drome;2406
927;1898;yvelines;4701
928;1915;ariege;1553
929;1903;mayenne;2814
930;1906;drome;2390
931;1898;yonne;2486
932;1898;vosges;4257
933;1892;oise;0
934;1892;vosges;4119
935;1909;loire-atlantique;5431
936;1898;vienne;739
937;1916;correze;4013
938;1896;manche;1582
939;1898;vendee;3937
940;1912;nord;0
941;1892;vienne;3080
942;1903;martinique;1154
943;1898;vaucluse;1736
944;1898;var;0
945;1913;saone-et-loire;5267
946;1903;marne;4967
947;1906;doubs;1289
948;1911;vendee;3674
949;1892;vendee;3850
950;1898;territoire+de+belfort;2340
951;1913;indre;2395
952;1895;eure;1535
953;1913;cote+d%27or;3
954;1892;vaucluse;1817
955;1903;manche;1634
956;1912;dordogne;3704
957;1906;dordogne;3732
958;1898;tarn;2489
959;1898;somme;3994
960;1903;maine-et-loire;0
961;1912;jura;2041
962;1892;var;0
963;1898;seine-maritime;7568
964;1910;correze;3552
965;1891;pyrenees-atlantiques;4498
966;1912;alpes-maritimes;2312
967;1892;territoire+de+belfort;2432
968;1910;cher;88
969;1898;savoie;0
970;1907;alpes-de-haute-provence;907
971;1910;charente-maritime;3152
972;1896;maine-et-loire;0
973;1909;loire;3941
974;1898;saone-et-loire;5503
975;1910;charente;4238
976;1898;rhone;0
977;1910;cantal;1718
978;1906;deux-sevres;3170
979;1898;pyrenees-atlantiques;4734
980;1910;calvados;0
981;1892;somme;4131
982;1898;puy-de-dome;978
983;1906;creuse;2355
984;1898;pas-de-calais;8085
985;1892;seine-maritime;6689
986;1910;doubs;691
987;1898;paris;21811
988;1898;orne;2505
989;1896;lozere;0
990;1892;seine-et-marne;2765
991;1898;oise;0
992;1898;nord;14
993;1919;allier;0
994;1892;savoie;0
995;1906;cotes+d%27armor;5210
996;1898;nievre;4148
997;1898;moselle;0
998;1892;sarthe;4354
999;1898;morbihan;5521
1000;1913;bouches-du-rhone;5964
1001;1910;ardennes;4579
1002;1906;cote+d%27or;2
1003;1898;meuse;2232
1004;1898;meurthe-et-moselle;0
1005;1910;ardeche;1927
1006;1898;memoire+des+hommes;1332
1007;1898;mayenne;2927
1008;1910;archives+nationales+d%27outre+mer;8079
1009;1915;meuse;3959
1010;1898;martinique;969
1011;1898;marne;5924
1012;1910;archives+diplomatiques;328
1013;1898;manche;1532
1014;1898;maine-et-loire;0
1015;1910;alpes-maritimes;2064
1016;1896;lot-et-garonne;0
1017;1898;lozere;1
1018;1910;alpes-de-haute-provence;824
1019;1914;herault;403
1020;1898;loiret;34
1021;1910;allier;0
1022;1898;loire-atlantique;5704
1023;1898;loire;4050
1024;1910;aisne;1067
1025;1898;loir-et-cher;0
1026;1898;landes;1809
1027;1912;vosges;4544
1028;1906;correze;2852
1029;1898;jura;2008
1030;1898;isere;0
1031;1898;indre-et-loire;1912
1032;1898;indre;3617
1033;1909;yonne;1896
1034;1906;ardennes;2219
1035;1896;lot;1705
1036;1898;herault;367
1037;1909;vosges;4124
1038;1898;hautes-pyrenees;2908
1039;1910;vosges;4389
1040;1909;vienne;1652
1041;1906;cher;133
1042;1898;haute-savoie;2696
1043;1909;vendee;3878
1044;1898;haute-saone;1635
1045;1898;haute-marne;1445
1046;1909;vaucluse;1617
1047;1919;vendee;3716
1048;1906;charente-maritime;3194
1049;1898;haute-loire;2468
1050;1909;var;1959
1051;1898;haut-rhin;2951
1052;1898;guadeloupe;678
1053;1891;pas-de-calais;6325
1054;1916;ain;207
1055;1898;gironde;5802
1056;1909;tarn-et-garonne;1243
1057;1898;gard;4216
1058;1909;tarn;3606
1059;1898;eure-et-loir;48
1060;1912;haute-loire;2676
1061;1898;eure;1547
1062;1898;drome;2392
1063;1898;doubs;1844
1064;1909;seine-maritime;8269
1065;1906;charente;4102
1066;1898;deux-sevres;2350
1067;1919;cher;45
1068;1909;seine-et-marne;2782
1069;1898;creuse;1734
1070;1909;savoie;0
1071;1898;cote+d%27or;1
1072;1898;corse;2330
1073;1909;sarthe;0
1074;1918;meuse;4364
1075;1898;correze;4102
1076;1909;saone-et-loire;5216
1077;1896;loire-atlantique;5523
1078;1898;charente-maritime;3522
1079;1898;charente;2356
1080;1898;cantal;2536
1081;1892;marne;4833
1082;1898;calvados;0
1083;1906;calvados;0
1084;1898;bouches-du-rhone;3620
1085;1898;bas-rhin;2707
1086;1898;aveyron;2562
1087;1898;aude;3595
1088;1909;puy-de-dome;931
1089;1906;bouches-du-rhone;4992
1090;1898;ariege;1416
1091;1909;pas-de-calais;9040
1092;1898;ardennes;2501
1093;1892;lot-et-garonne;2827
1094;1898;ardeche;2178
1095;1909;paris;25095
1096;1898;archives+nationales+d%27outre+mer;6530
1097;1909;orne;2312
1098;1898;alpes-maritimes;0
1099;1898;alpes-de-haute-provence;1301
1100;1909;oise;0
1101;1898;allier;0
1102;1898;aisne;1125
1103;1892;loire-atlantique;5498
1104;1898;ain;671
1105;1911;vaucluse;1629
1106;1914;loiret;1517
1107;1914;isere;4362
1108;1914;haute-garonne;3163
1109;1914;haute-saone;2066
1110;1914;gironde;7297
1111;1897;yvelines;4615
1112;1909;nievre;2791
1113;1914;bas-rhin;3474
1114;1914;creuse;2444
1115;1914;charente-maritime;3361
1116;1914;archives+nationales+d%27outre+mer;8637
1117;1913;manche;1807
1118;1913;territoire+de+belfort;2326
1119;1913;savoie;0
1120;1913;nievre;2816
1121;1913;orne;2766
1122;1913;meuse;5254
1123;1897;yonne;2711
1124;1909;haute-vienne;3372
1125;1913;herault;31
1126;1913;lot;1538
1127;1913;isere;4252
1128;1913;haute-loire;2642
1129;1913;haute-savoie;2373
1130;1897;vosges;4408
1131;1909;moselle;0
1132;1896;isere;5027
1133;1913;cotes+d%27armor;5116
1134;1913;charente;4779
1135;1913;archives+diplomatiques;697
1136;1913;ardennes;4063
1137;1913;allier;0
1138;1892;haute-vienne;4975
1139;1897;vendee;4047
1140;1909;morbihan;5828
1141;1906;aveyron;0
1142;1912;pyrenees-atlantiques;3601
1143;1912;sarthe;0
1144;1912;nievre;2702
1145;1892;haute-saone;1780
1146;1912;drome;2297
1147;1912;loiret;359
1148;1912;isere;4265
1149;1912;haute-garonne;3127
1150;1912;haute-saone;2049
1151;1912;gironde;7553
1152;1892;haute-garonne;4294
1153;1912;creuse;2242
1154;1912;charente-maritime;2982
1155;1912;charente;4422
1156;1912;archives+nationales+d%27outre+mer;9820
1157;1897;vaucluse;1722
1158;1897;var;0
1159;1909;meuse;4017
1160;1919;yvelines;6803
1161;1910;lot-et-garonne;1839
1162;1911;tarn;3390
1163;1909;haut-rhin;2101
1164;1911;saone-et-loire;5227
1165;1911;rhone;0
1166;1911;morbihan;6693
1167;1911;nord;0
1168;1919;var;2234
1169;1911;memoire+des+hommes;3205
1170;1897;territoire+de+belfort;2330
1171;1911;hautes-alpes;908
1172;1911;loire-atlantique;6513
1173;1911;indre-et-loire;2426
1174;1911;indre;2312
1175;1911;haut-rhin;2393
1176;1911;haute-marne;1110
1177;1897;tarn-et-garonne;1600
1178;1909;meurthe-et-moselle;3036
1179;1896;loir-et-cher;0
1180;1910;vendee;3709
1181;1911;cote+d%27or;1
1182;1911;cantal;1711
1183;1911;calvados;0
1184;1911;alpes-maritimes;2237
1185;1911;ardeche;1991
1186;1911;aisne;1158
1187;1910;puy-de-dome;3840
1188;1910;tarn-et-garonne;1144
1189;1910;sarthe;0
1190;1910;saone-et-loire;4965
1191;1910;moselle;0
1192;1910;oise;0
1193;1897;tarn;2348
1194;1897;somme;4188
1195;1909;memoire+des+hommes;2956
1196;1897;seine-maritime;6789
1197;1897;seine-et-marne;2727
1198;1909;mayenne;2618
1199;1906;aude;2305
1200;1919;hautes-alpes;0
1201;1910;loire;3724
1202;1910;indre;2184
1203;1910;ille-et-vilaine;5204
1204;1910;guadeloupe;1504
1205;1910;haute-loire;2463
1206;1910;gard;4317
1207;1919;rhone;0
1208;1910;cote+d%27or;1
1209;1919;savoie;0
1210;1919;tarn-et-garonne;1211
1211;1919;gers;1728
1212;1919;oise;0
1213;1918;saone-et-loire;5384
1214;1919;haut-rhin;4635
1215;1919;charente-maritime;3471
1216;1919;cotes+d%27armor;6525
1217;1918;meurthe-et-moselle;0
1218;1919;ardennes;4122
1219;1918;vienne;0
1220;1918;gers;1793
1221;1918;orne;2738
1222;1918;lozere;0
1223;1918;isere;4288
1224;1897;savoie;0
1225;1897;sarthe;21903
1226;1909;martinique;1402
1227;1916;ariege;1743
1228;1917;yonne;2293
1229;1917;seine-maritime;9096
1230;1917;meurthe-et-moselle;0
1231;1917;maine-et-loire;0
1232;1917;gers;1655
1233;1917;landes;2766
1234;1917;aube;288
1235;1914;manche;1786
1236;1917;charente;5408
1237;1916;var;2208
1238;1917;alpes-de-haute-provence;865
1239;1897;rhone;0
1240;1906;aube;1723
1241;1916;aude;2471
1242;1915;yvelines;6647
1243;1916;jura;2180
1244;1916;deux-sevres;2718
1245;1916;guadeloupe;1558
1246;1916;cote+d%27or;462
1247;1916;alpes-maritimes;2301
1248;1903;vendee;3882
1249;1915;sarthe;5528
1250;1903;vaucluse;1651
1251;1899;lozere;1
1252;1915;manche;1694
1253;1899;lot-et-garonne;2581
1254;1895;hautes-alpes;1192
1255;1915;meurthe-et-moselle;0
1256;1893;loir-et-cher;0
1257;1900;aude;3577
1258;1897;pyrenees-orientales;2038
1259;1900;aube;1688
1260;1900;ariege;1742
1261;1897;pyrenees-atlantiques;4924
1262;1900;ardennes;2215
1263;1900;ardeche;2003
1264;1909;manche;1623
1265;1900;archives+nationales+d%27outre+mer;6230
1266;1893;isere;4676
1267;1914;ardennes;3661
1268;1903;var;1860
1269;1900;alpes-maritimes;2495
1270;1914;martinique;1296
1271;1890;cotes+d%27armor;4108
1272;1893;dordogne;3584
1273;1915;charente;4939
1274;1903;territoire+de+belfort;2257
1275;1900;allier;0
1276;1915;charente-maritime;3437
1277;1893;indre;3677
1278;1900;aisne;1062
1279;1914;var;1900
1280;1891;correze;3351
1281;1890;cote+d%27or;0
1282;1915;alpes-de-haute-provence;872
1283;1893;ille-et-vilaine;5784
1284;1893;deux-sevres;2244
1285;1914;tarn;4221
1286;1899;loir-et-cher;0
1287;1895;haute-vienne;5214
1288;1914;haute-loire;2757
1289;1893;herault;466
1290;1899;vosges;4202
1291;1914;morbihan;6871
1292;1899;vienne;1294
1293;1893;hautes-pyrenees;2711
1294;1914;jura;2109
1295;1903;tarn-et-garonne;1409
1296;1899;isere;0
1297;1914;ille-et-vilaine;6344
1298;1903;tarn;4237
1299;1899;var;0
1300;1914;dordogne;4036
1301;1899;territoire+de+belfort;2287
1302;1890;correze;3377
1303;1914;finistere;9183
1304;1899;indre-et-loire;2024
1305;1895;haute-savoie;2792
1306;1897;puy-de-dome;0
1307;1899;indre;3720
1308;1893;cote+d%27or;0
1309;1897;pas-de-calais;8269
1310;1903;somme;3333
1311;1899;tarn-et-garonne;1519
1312;1909;maine-et-loire;0
1313;1899;tarn;2405
1314;1899;seine-maritime;7458
1315;1889;guadeloupe;562
1316;1893;haute-saone;1673
1317;1899;seine-et-marne;2690
1318;1913;haute-marne;1068
1319;1893;haute-marne;1391
1320;1899;sarthe;4094
1321;1914;aisne;1178
1322;1903;seine-maritime;7728
1323;1899;rhone;0
1324;1913;seine-et-marne;3983
1325;1899;pyrenees-orientales;1944
1326;1893;haute-garonne;4105
1327;1913;rhone;0
1328;1899;hautes-pyrenees;3329
1329;1891;cher;0
1330;1896;drome;2612
1331;1913;yonne;2372
1332;1910;pas-de-calais;9078
1333;1916;orne;2825
1334;1911;maine-et-loire;0
1335;1918;ain;816
1336;1913;vienne;1447
1337;1917;haute-savoie;2676
1338;1911;tarn-et-garonne;1133
1339;1895;puy-de-dome;1
1340;1919;aisne;1162
1341;1891;aveyron;2072
1342;1918;oise;0
1343;1917;loir-et-cher;0
1344;1919;pas-de-calais;10817
1345;1895;deux-sevres;2425
1346;1917;memoire+des+hommes;2235
1347;1916;tarn;4576
1348;1916;rhone;0
1349;1895;creuse;1690
1350;1916;drome;2502
1351;1916;charente-maritime;3642
1352;1911;aube;1869
1353;1903;indre-et-loire;2616
1354;1913;lot-et-garonne;2053
1355;1895;cote+d%27or;0
1356;1910;haute-savoie;2231
1357;1903;herault;570
1358;1911;loiret;130
1359;1903;hautes-pyrenees;3307
1360;1911;eure;1485
1361;1891;ariege;1718
1362;1910;loiret;140
1363;1903;haute-vienne;3521
1364;1910;meuse;4292
1365;1895;cher;30
1366;1918;eure-et-loir;685
1367;1903;haute-marne;932
1368;1918;loire;4435
1369;1913;alpes-de-haute-provence;970
1370;1914;nord;0
1371;1901;ain;295
1372;1911;martinique;1924
1373;1904;lot;1827
1374;1919;tarn;3065
1375;1895;charente;2137
1376;1918;manche;1860
1377;1912;calvados;0
1378;1919;eure;1591
1379;1895;cantal;2500
1380;1910;deux-sevres;2983
1381;1911;hautes-pyrenees;2701
1382;1910;vaucluse;1541
1383;1903;gard;4357
1384;1917;territoire+de+belfort;2463
1385;1910;savoie;0
1386;1911;eure-et-loir;336
1387;1903;eure-et-loir;22
1388;1918;nord;0
1389;1903;drome;2305
1390;1891;archives+diplomatiques;0
1391;1903;dordogne;3795
1392;1895;aude;3134
1393;1910;paris;24311
1394;1908;hautes-pyrenees;2792
1395;1889;var;0
1396;1889;hautes-pyrenees;2092
1397;1890;charente-maritime;2951
1398;1908;indre-et-loire;2559
1399;1897;oise;0
1400;1908;landes;2369
1401;1892;guadeloupe;515
1402;1889;vienne;1668
1403;1889;yonne;2464
1404;1890;archives+nationales+d%27outre+mer;5679
1405;1889;morbihan;3587
1406;1890;aisne;1091
1407;1890;alpes-de-haute-provence;1193
1408;1889;pas-de-calais;6996
1409;1889;pyrenees-atlantiques;4427
1410;1890;cantal;2385
1411;1889;saone-et-loire;5045
1412;1889;mayenne;2742
1413;1889;haute-loire;2407
1414;1889;haute-saone;1649
1415;1892;loire;0
1416;1909;herault;517
1417;1911;lot;1412
1418;1913;mayenne;2762
1419;1892;nord;0
1420;1893;charente-maritime;3337
1421;1913;gard;4067
1422;1913;charente-maritime;3330
1423;1893;creuse;1773
1424;1892;saone-et-loire;5575
1425;1912;cher;93
1426;1893;finistere;6766
1427;1899;loire-atlantique;5571
1428;1899;lot;1542
1429;1899;morbihan;5544
1430;1899;maine-et-loire;0
1431;1899;martinique;1002
1432;1909;lozere;0
1433;1893;aveyron;2543
1434;1892;pyrenees-orientales;1858
1435;1911;pyrenees-atlantiques;3592
1436;1892;rhone;0
1437;1893;corse;2334
1438;1903;rhone;0
1439;1891;rhone;0
1440;1911;finistere;8540
1441;1893;ardennes;3410
1442;1906;gers;1608
1443;1893;ariege;1534
1444;1910;pyrenees-atlantiques;3507
1445;1899;gironde;5942
1446;1899;haute-garonne;3929
1447;1911;charente;4887
1448;1899;cote+d%27or;0
1449;1899;cotes+d%27armor;4894
1450;1910;indre-et-loire;2290
1451;1899;drome;2408
1452;1899;eure-et-loir;45
1453;1918;landes;2749
1454;1903;oise;0
1455;1903;orne;2418
1456;1899;bouches-du-rhone;3794
1457;1916;pas-de-calais;10769
1458;1899;aveyron;2558
1459;1899;ariege;1412
1460;1893;alpes-maritimes;0
1461;1891;pyrenees-orientales;1509
1462;1896;landes;2041
1463;1899;allier;0
1464;1893;ain;1161
1465;1903;meurthe-et-moselle;0
1466;1916;loire;4210
1467;1906;eure;1537
1468;1899;aisne;1165
1469;1891;bouches-du-rhone;3292
1470;1892;orne;2768
1471;1892;yonne;2431
1472;1895;eure-et-loir;265
1473;1898;tarn-et-garonne;1505
1474;1912;seine-et-marne;3385
1475;1898;seine-et-marne;2759
1476;1892;tarn-et-garonne;1626
1477;1898;sarthe;21927
1478;1892;tarn;2846
1479;1898;pyrenees-orientales;2042
1480;1910;aube;308
1481;1910;aude;2257
1482;1898;haute-vienne;4955
1483;1898;ille-et-vilaine;5661
1484;1910;ain;677
1485;1896;loiret;624
1486;1898;gers;1511
1487;1909;territoire+de+belfort;2088
1488;1898;haute-garonne;3940
1489;1906;cantal;1983
1490;1898;cotes+d%27armor;4789
1491;1898;dordogne;3431
1492;1914;oise;0
1493;1890;hautes-pyrenees;2167
1494;1919;mayenne;2514
1495;1891;alpes-de-haute-provence;1293
1496;1895;ardeche;2282
1497;1918;ardeche;2133
1498;1917;charente-maritime;3486
1499;1919;meuse;3127
1500;1897;saone-et-loire;5480
1501;1918;herault;47
1502;1916;aisne;1135
1503;1913;ain;761
1504;1903;archives+diplomatiques;0
1505;1916;isere;4371
1506;1914;lot;1433
1507;1903;charente-maritime;3393
1508;1903;cotes+d%27armor;4770
1509;1903;alpes-maritimes;2166
1510;1903;calvados;0
1511;1918;aude;2154
1512;1915;orne;2536
1513;1900;tarn-et-garonne;1315
1514;1895;archives+nationales+d%27outre+mer;6136
1515;1912;seine-maritime;8036
1516;1909;pyrenees-orientales;1726
1517;1909;rhone;0
1518;1898;cher;4358
1519;1912;somme;3881
1520;1910;haute-marne;1126
1521;1891;aisne;1077
1522;1916;hautes-pyrenees;3621
1523;1903;aveyron;3029
1524;1903;bas-rhin;2739
1525;1903;corse;2386
1526;1911;corse;2769
1527;1913;paris;25998
1528;1912;loire;4014
1529;1908;moselle;0
1530;1904;hautes-alpes;1034
1531;1917;haute-marne;1240
1532;1908;pyrenees-atlantiques;3769
1533;1910;meurthe-et-moselle;2977
1534;1908;tarn;3226
1535;1895;moselle;0
1536;1912;paris;25482
1537;1908;yonne;2429
1538;1908;lozere;1
1539;1914;alpes-de-haute-provence;931
1540;1890;rhone;0
1541;1912;moselle;0
1542;1905;seine-et-marne;2735
1543;1912;var;2038
1544;1894;alpes-de-haute-provence;1358
1545;1913;maine-et-loire;0
1546;1890;isere;4462
1547;1908;meuse;3756
1548;1901;charente-maritime;3481
1549;1916;puy-de-dome;9
1550;1891;haute-marne;1110
1551;1911;gard;4060
1552;1901;drome;2318
1553;1894;meuse;2684
1554;1889;cher;1074
1555;1905;sarthe;4516
1556;1916;morbihan;6988
1557;1902;haute-savoie;2407
1558;1913;aude;2340
1559;1894;correze;4126
1560;1916;cantal;2008
1561;1901;indre;3711
1562;1900;morbihan;5158
1563;1895;territoire+de+belfort;2220
1564;1896;haute-savoie;2708
1565;1919;ille-et-vilaine;5044
1566;1904;hautes-pyrenees;3095
1567;1912;memoire+des+hommes;3434
1568;1901;mayenne;2941
1569;1912;alpes-de-haute-provence;826
1570;1919;landes;2975
1571;1904;var;1974
1572;1917;doubs;2965
1573;1894;guadeloupe;602
1574;1908;pas-de-calais;9176
1575;1901;pyrenees-orientales;1899
1576;1895;nievre;4277
1577;1917;oise;0
1578;1908;seine-et-marne;2808
1579;1916;ille-et-vilaine;6714
1580;1905;allier;0
1581;1891;indre;3168
1582;1905;tarn-et-garonne;1378
1583;1913;drome;2441
1584;1904;ille-et-vilaine;4490
1585;1918;vendee;3772
1586;1889;cotes+d%27armor;4607
1587;1908;tarn-et-garonne;1225
1588;1894;loir-et-cher;0
1589;1890;haute-saone;1537
1590;1916;territoire+de+belfort;2305
1591;1896;gironde;6118
1592;1916;haute-vienne;3810
1593;1891;jura;1699
1594;1913;seine-maritime;8105
1595;1896;ardennes;2530
1596;1908;yvelines;5556
1597;1902;gard;4146
1598;1902;isere;0
1599;1911;archives+nationales+d%27outre+mer;9167
1600;1889;gers;1548
1601;1915;allier;0
1602;1905;deux-sevres;3223
1603;1916;mayenne;2778
1604;1902;ille-et-vilaine;5727
1605;1905;vaucluse;1670
1606;1905;eure-et-loir;199
1607;1893;seine-maritime;7359
1608;1914;maine-et-loire;0
1609;1891;moselle;0
1610;1913;hautes-pyrenees;2845
1611;1896;cantal;2556
1612;1914;sarthe;5967
1613;1902;meuse;3781
1614;1905;vienne;1812
1615;1905;haute-saone;2234
1616;1894;paris;22345
1617;1913;hautes-alpes;1062
1618;1905;haute-vienne;3597
1619;1896;hautes-pyrenees;2912
1620;1905;hautes-pyrenees;3158
1621;1902;loire-atlantique;5465
1622;1896;cote+d%27or;0
1623;1905;vosges;4501
1624;1917;indre-et-loire;2579
1625;1902;lot-et-garonne;1977
1626;1916;doubs;1334
1627;1914;haute-vienne;3534
1628;1917;haute-saone;2257
1629;1903;archives+nationales+d%27outre+mer;6910
1630;1902;lozere;0
1631;1917;hautes-pyrenees;3628
1632;1912;morbihan;6743
1633;1919;nord;0
1634;1889;cantal;2494
1635;1911;puy-de-dome;2509
1636;1908;lot-et-garonne;1896
1637;1914;cotes+d%27armor;5335
1638;1908;mayenne;2555
1639;1900;pyrenees-atlantiques;4793
1640;1908;oise;0
1641;1916;indre;2637
1642;1916;oise;0
1643;1911;charente-maritime;3174
1644;1904;isere;0
1645;1908;var;1931
1646;1912;hautes-pyrenees;2525
1647;1915;cote+d%27or;369
1648;1908;vosges;4405
1649;1894;pyrenees-orientales;1742
1650;1909;aube;1247
1651;1914;deux-sevres;2798
1652;1901;alpes-maritimes;2531
1653;1902;martinique;998
1654;1901;ariege;1772
1655;1912;aube;2383
1656;1918;haute-savoie;2623
1657;1895;rhone;0
1658;1894;rhone;0
1659;1914;cote+d%27or;392
1660;1901;correze;4240
1661;1904;moselle;0
1662;1910;maine-et-loire;0
1663;1890;tarn-et-garonne;1488
1664;1890;loire;0
1665;1896;hautes-alpes;1182
1666;1904;orne;2372
1667;1913;indre-et-loire;2441
1668;1900;sarthe;3713
1669;1904;pas-de-calais;8939
1670;1914;pas-de-calais;10168
1671;1893;eure-et-loir;2348
1672;1901;archives+nationales+d%27outre+mer;6436
1673;1903;vienne;1815
1674;1895;tarn;2334
1675;1911;gironde;7168
1676;1912;oise;0
1677;1902;moselle;0
1678;1895;herault;102
1679;1916;haute-loire;2828
1680;1900;doubs;1759
1681;1890;territoire+de+belfort;1994
1682;1893;marne;5526
1683;1914;rhone;1
1684;1903;yvelines;4968
1685;1904;seine-et-marne;2725
1686;1900;gers;1563
1687;1891;hautes-alpes;1050
1688;1917;ille-et-vilaine;6607
1689;1917;haute-garonne;3941
1690;1893;meurthe-et-moselle;3222
1691;1915;loire-atlantique;6406
1692;1912;aveyron;0
1693;1899;paris;21697
1694;1901;memoire+des+hommes;2186
1695;1904;aisne;1124
1696;1889;corse;2298
1697;1918;nievre;2653
1698;1915;vosges;4513
1699;1902;pas-de-calais;8982
1700;1904;allier;0
1701;1904;alpes-de-haute-provence;1279
1702;1911;guadeloupe;1578
1703;1902;pyrenees-atlantiques;4063
1704;1915;gers;1576
1705;1911;jura;91
1706;1899;savoie;0
1707;1891;haute-savoie;2249
1708;1894;tarn;2315
1709;1890;haut-rhin;5
1710;1918;loir-et-cher;0
1711;1899;somme;3994
1712;1915;rhone;0
1713;1895;isere;4988
1714;1917;ardennes;3792
1715;1911;seine-et-marne;2742
1716;1905;aisne;1205
1717;1904;loir-et-cher;0
1718;1904;ardeche;2056
1719;1914;territoire+de+belfort;2290
1720;1917;alpes-maritimes;3699
1721;1890;nievre;3865
1722;1893;vaucluse;1873
1723;1895;jura;2118
1724;1905;ardeche;2173
1725;1919;aube;1149
1726;1890;corse;2392
1727;1916;gironde;8548
1728;1904;ariege;1701
1729;1893;tarn-et-garonne;1675
1730;1905;aude;2619
1731;1899;yvelines;4674
1732;1918;yvelines;6601
1733;1893;var;0
1734;1902;cantal;1916
1735;1900;ain;215
1736;1915;herault;15
1737;1893;indre-et-loire;2148
1738;1912;bouches-du-rhone;6314
1739;1914;tarn-et-garonne;1265
1740;1904;bas-rhin;2831
1741;1902;archives+diplomatiques;0
1742;1894;vaucluse;1946
1743;1911;savoie;0
1744;1890;vienne;2045
1745;1917;aveyron;0
1746;1919;lot;1397
1747;1894;yvelines;4772
1748;1917;jura;2247
1749;1895;aisne;1222
1750;1903;ariege;1715
1751;1915;corse;2807
1752;1914;haut-rhin;2844
1753;1895;ardennes;2355
1754;1914;landes;2488
1755;1916;hautes-alpes;941
1756;1910;nord;0
1757;1903;gironde;5821
1758;1918;drome;2426
1759;1900;yvelines;4605
1760;1911;vosges;4122
1761;1903;ille-et-vilaine;5506
1762;1916;yvelines;6944
1763;1917;marne;10997
1764;1911;haute-garonne;3021
1765;1908;loir-et-cher;0
1766;1908;manche;1638
1767;1910;yvelines;5268
1768;1893;yvelines;4692
1769;1902;tarn-et-garonne;1340
1770;1890;creuse;1811
1771;1891;landes;1384
1772;1904;calvados;0
1773;1902;vaucluse;1683
1774;1893;landes;2067
1775;1902;haute-garonne;3166
1776;1919;ain;766
1777;1911;yvelines;5824
1778;1893;vienne;2097
1779;1894;archives+diplomatiques;0
1780;1917;loire-atlantique;6984
1781;1894;ardeche;2123
1782;1905;cote+d%27or;1
1783;1890;vosges;3762
1784;1890;savoie;0
1785;1911;meurthe-et-moselle;1943
1786;1895;loiret;33
1787;1902;vienne;1455
1788;1904;charente-maritime;3393
1789;1912;lot-et-garonne;1893
1790;1901;cotes+d%27armor;3335
1791;1902;yonne;2235
1792;1900;charente;2294
1793;1916;loir-et-cher;0
1794;1895;lot;1618
1795;1896;calvados;0
1796;1916;pyrenees-orientales;1917
1797;1901;eure;1531
1798;1902;manche;1693
1799;1919;haute-loire;2346
1800;1890;loire-atlantique;4814
1801;1918;allier;0
1802;1903;ain;542
1803;1895;lot-et-garonne;2354
1804;1915;cantal;1892
1805;1904;cote+d%27or;4
1806;1911;dordogne;3935
1807;1891;haut-rhin;1
1808;1904;cotes+d%27armor;4003
1809;1916;dordogne;3638
1810;1901;haute-savoie;2488
1811;1896;charente-maritime;3589
1812;1914;indre;2363
1813;1912;cotes+d%27armor;4929
1814;1891;drome;2231
1815;1890;vaucluse;1766
1816;1890;yvelines;4048
1817;1902;sarthe;4313
1818;1911;oise;0
1819;1894;creuse;1875
1820;1901;loire;3065
1821;1910;manche;1509
1822;1904;dordogne;3877
1823;1890;manche;1381
1824;1891;lozere;1686
1825;1900;gard;4033
1826;1915;savoie;0
1827;1895;allier;0
1828;1903;aisne;1160
1829;1914;doubs;1280
1830;1900;guadeloupe;753
1831;1903;ardeche;2136
1832;1900;haute-garonne;3160
1833;1895;marne;5557
1834;1902;seine-maritime;7867
1835;1895;alpes-de-haute-provence;1355
1836;1912;vendee;3445
1837;1917;lot;1499
1838;1890;gard;4680
1839;1918;charente-maritime;3427
1840;1901;puy-de-dome;0
1841;1891;allier;0
1842;1919;territoire+de+belfort;2595
1843;1901;sarthe;4595
1844;1890;gers;1454
1845;1914;lot-et-garonne;2003
1846;1894;haute-savoie;2645
1847;1900;ille-et-vilaine;0
1848;1903;charente;4347
1849;1905;memoire+des+hommes;2567
1850;1894;herault;180
1851;1895;bas-rhin;472
1852;1889;eure-et-loir;6
1853;1893;oise;0
1854;1896;finistere;7232
1855;1902;alpes-de-haute-provence;888
1856;1905;moselle;0
1857;1900;landes;1779
1858;1903;haute-loire;2787
1859;1893;paris;22775
1860;1895;meurthe-et-moselle;0
1861;1893;pas-de-calais;7918
1862;1915;loire;4018
1863;1915;indre-et-loire;2489
1864;1894;loiret;79
1865;1900;lozere;0
1866;1903;isere;0
1867;1894;lot-et-garonne;2769
1868;1918;dordogne;3944
1869;1902;dordogne;4295
1870;1900;mayenne;2732
1871;1903;loire-atlantique;5608
1872;1902;eure-et-loir;938
1873;1900;memoire+des+hommes;2048
1874;1910;memoire+des+hommes;3020
1875;1902;guadeloupe;863
1876;1902;haute-loire;2654
1877;1905;savoie;0
1878;1891;gers;1304
1879;1908;rhone;0
1880;1890;haute-marne;1272
1881;1912;allier;0
1882;1902;hautes-pyrenees;3104
1883;1896;haute-vienne;5167
1884;1893;seine-et-marne;2895
1885;1905;saone-et-loire;5044
1886;1904;indre;2762
1887;1913;gironde;8002
1888;1913;guadeloupe;1692
1889;1909;ardeche;1934
1890;1902;lot;1767
1891;1909;alpes-de-haute-provence;850
1892;1918;morbihan;7231
1893;1904;indre-et-loire;2597
1894;1915;hautes-pyrenees;2862
1895;1917;manche;1799
1896;1894;saone-et-loire;5478
1897;1909;aude;1751
1898;1913;pyrenees-atlantiques;3674
1899;1904;landes;2667
1900;1919;calvados;3224
1901;1900;seine-maritime;7033
1902;1915;nord;0
1903;1916;bas-rhin;4050
1904;1916;paris;27834
1905;1918;aveyron;0
1906;1904;loire;3255
1907;1893;vendee;3557
1908;1890;tarn;2235
1909;1904;loire-atlantique;5533
1910;1902;var;1833
1911;1915;loiret;80
1912;1913;deux-sevres;3153
1913;1917;cote+d%27or;301
1914;1902;yvelines;4900
1915;1919;dordogne;3489
1916;1890;herault;2299
1917;1918;calvados;3835
1918;1911;landes;2390
1919;1914;gard;4258
1920;1918;corse;2709
1921;1915;creuse;2329
1922;1889;charente;1753
1923;1916;haut-rhin;3492
1924;1910;loir-et-cher;0
1925;1910;seine-maritime;7929
1926;1910;haute-garonne;3182
1927;1913;calvados;0
1928;1919;somme;4037
1929;1895;ariege;1485
1930;1914;corse;2643
1931;1891;alpes-maritimes;0
1932;1912;corse;2691
1933;1903;deux-sevres;3124
1934;1914;hautes-alpes;968
1935;1903;doubs;1442
1936;1910;eure;1515
1937;1895;calvados;0
1938;1913;var;1997
1939;1919;haute-saone;2139
1940;1919;haute-vienne;3652
1941;1913;oise;0
1942;1913;landes;2503
1943;1911;nievre;2707
1944;1917;calvados;3356
1945;1914;savoie;0
1946;1913;aveyron;0
1947;1903;indre;2531
1948;1913;vosges;4693
1949;1903;jura;2264
1950;1903;loir-et-cher;0
1951;1919;saone-et-loire;5388
1952;1895;dordogne;3688
1953;1901;aisne;1201
1954;1912;pas-de-calais;9284
1955;1918;seine-et-marne;3772
1956;1914;mayenne;3048
1957;1919;maine-et-loire;0
1958;1913;vendee;3776
1959;1910;finistere;7150
1960;1915;ille-et-vilaine;5577
1961;1918;haute-loire;2646
1962;1910;somme;4008
1963;1911;gers;1405
1964;1911;mayenne;2728
1965;1917;gironde;8973
1966;1918;charente;4805
1967;1908;seine-maritime;8116
1968;1912;finistere;7986
1969;1908;territoire+de+belfort;2047
1970;1919;pyrenees-orientales;1794
1971;1908;vienne;1701
1972;1913;morbihan;6786
1973;1909;aisne;1179
1974;1910;hautes-pyrenees;2427
1975;1919;lot-et-garonne;1870
1976;1909;ariege;1553
1977;1916;vaucluse;1876
1978;1909;bas-rhin;3081
1979;1917;vosges;5214
1980;1904;manche;1725
1981;1913;haut-rhin;2523
1982;1912;haut-rhin;2432
1983;1904;mayenne;2682
1984;1917;paris;26617
1985;1891;haute-loire;2126
1986;1912;loir-et-cher;0
1987;1913;nord;0
1988;1904;meuse;3309
1989;1910;lozere;0
1990;1901;cote+d%27or;0
1991;1894;aude;3744
1992;1915;ardeche;2137
1993;1901;doubs;1773
1994;1904;oise;0
1995;1919;charente;4993
1996;1901;finistere;7213
1997;1918;pyrenees-orientales;1968
1998;1901;gers;1532
1999;1913;haute-garonne;3127
2000;1894;charente;2145
2001;1895;somme;3944
2002;1904;pyrenees-atlantiques;4228
2003;1904;rhone;0
2004;1901;ille-et-vilaine;5724
2005;1914;vaucluse;1675
2006;1889;correze;3446
2007;1904;savoie;0
2008;1912;rhone;0
2009;1901;loire-atlantique;5672
2010;1916;pyrenees-atlantiques;4267
2011;1915;territoire+de+belfort;2239
2012;1901;maine-et-loire;0
2013;1911;var;2031
2014;1904;tarn-et-garonne;1305
2015;1911;territoire+de+belfort;2176
2016;1895;vendee;3934
2017;1901;meurthe-et-moselle;0
2018;1919;hautes-pyrenees;2142
2019;1894;gers;1625
2020;1904;vendee;3829
2021;1913;eure-et-loir;45
2022;1895;vosges;4345
2023;1916;sarthe;294
2024;1918;aube;3280
2025;1904;yvelines;5054
2026;1916;eure-et-loir;59
2027;1901;savoie;0
2028;1911;haute-vienne;3274
2029;1918;yonne;2339
2030;1901;tarn-et-garonne;1515
2031;1918;hautes-pyrenees;3763
2032;1894;hautes-alpes;1135
2033;1915;eure;1473
2034;1896;allier;0
2035;1918;savoie;0
2036;1910;bas-rhin;3083
2037;1910;bouches-du-rhone;4831
2038;1915;ain;365
2039;1898;lot-et-garonne;2575
2040;1906;corse;2604
2041;1898;lot;1556
2042;1898;hautes-alpes;1226
2043;1915;somme;4042
2044;1918;archives+nationales+d%27outre+mer;13680
2045;1909;yvelines;6176
2046;1919;loire-atlantique;5753
2047;1896;haute-marne;1520
2048;1895;aube;1743
2049;1917;loire;4559
2050;1917;tarn-et-garonne;1355
2051;1912;yvelines;5928
2052;1909;marne;6432
2053;1909;pyrenees-atlantiques;3862
2054;1895;paris;21872
2055;1902;somme;3021
2056;1909;somme;3550
2057;1898;finistere;6633
2058;1911;allier;0
2059;1917;vaucluse;1868
2060;1894;memoire+des+hommes;793
2061;1904;maine-et-loire;0
2062;1917;haute-loire;2570
2063;1916;nievre;2854
2064;1890;saone-et-loire;4909
2065;1902;herault;239
2066;1891;ille-et-vilaine;4635
2067;1910;jura;501
2068;1904;herault;555
2069;1904;somme;2492
2070;1911;paris;25971
2071;1891;morbihan;4293
2072;1904;puy-de-dome;2
2073;1917;cantal;2269
2074;1902;allier;0
2075;1910;haut-rhin;2192
2076;1894;meurthe-et-moselle;0
2077;1894;nord;0
2078;1905;bouches-du-rhone;4801
2079;1913;gers;1842
2080;1912;doubs;1219
2081;1902;loir-et-cher;0
2082;1891;loire-atlantique;4480
2083;1912;haute-marne;1212
2084;1890;seine-et-marne;2508
2085;1916;haute-garonne;3681
2086;1917;sarthe;362
2087;1914;vienne;2061
2088;1908;vendee;3896
2089;1894;vosges;4298
2090;1915;finistere;8296
2091;1912;vienne;1509
2092;1918;loiret;167
2093;1912;herault;20
2094;1911;cotes+d%27armor;5283
2095;1891;nievre;3339
2096;1908;morbihan;5454
2097;1915;tarn;3753
2098;1912;mayenne;2672
2099;1915;haute-vienne;3542
2100;1900;calvados;0
2101;1904;saone-et-loire;5203
2102;1917;pyrenees-orientales;1849
2103;1903;vosges;4287
2104;1902;morbihan;5373
2105;1916;somme;5244
2106;1894;seine-et-marne;2847
2107;1893;gironde;6214
2108;1895;orne;2490
2109;1902;paris;23212
2110;1895;indre;3939
2111;1904;vienne;1862
2112;1893;orne;2694
2113;1917;finistere;9187
2114;1894;haute-saone;1714
2115;1904;archives+nationales+d%27outre+mer;7630
2116;1894;territoire+de+belfort;2238
2117;1899;vendee;3895
2118;1900;moselle;0
2119;1902;ardeche;2016
2120;1902;vendee;3902
2121;1895;loire;0
2122;1917;drome;2491
2123;1903;bouches-du-rhone;4523
2124;1919;yonne;0
2125;1903;haute-savoie;2440
2126;1903;eure;1548
2127;1891;aude;3103
2128;1911;creuse;2237
2129;1917;correze;3237
2130;1903;loiret;274
2131;1916;ardennes;3454
2132;1894;manche;1600
2133;1919;guadeloupe;1409
2134;1900;aveyron;2332
2135;1918;haute-saone;2158
2136;1891;dordogne;2735
2137;1913;tarn;3934
2138;1899;orne;2490
2139;1889;haute-vienne;4307
2140;1889;haut-rhin;1
2141;1891;puy-de-dome;25
2142;1896;yvelines;4757
2143;1911;aveyron;0
2144;1910;aveyron;0
2145;1910;ariege;1418
2146;1890;ardennes;2539
2147;1899;deux-sevres;2454
2148;1913;marne;9790
2149;1916;haute-savoie;2423
2150;1909;loiret;2956
2151;1890;archives+diplomatiques;0
2152;1896;martinique;850
2153;1914;aude;2245
2154;1901;vienne;2305
2155;1905;archives+diplomatiques;323
2156;1917;rhone;0
2157;1910;gironde;7190
2158;1894;maine-et-loire;0
2159;1918;jura;2132
2160;1902;drome;2179
2161;1911;archives+diplomatiques;413
2162;1918;marne;10688
2163;1896;ariege;1437
2164;1918;bouches-du-rhone;6455
2165;1900;haut-rhin;2886
2166;1919;herault;31
2167;1900;vienne;2135
2168;1911;loire;3910
2169;1904;morbihan;5813
2170;1912;aude;2216
2171;1904;tarn;3883
2172;1918;paris;30647
2173;1894;savoie;0
2174;1896;gard;4516
2175;1904;haut-rhin;1318
2176;1912;pyrenees-orientales;1757
2177;1894;finistere;7260
2178;1903;guadeloupe;1293
2179;1894;indre-et-loire;2124
2180;1905;morbihan;5655
2181;1918;bas-rhin;3653
2182;1905;martinique;1168
2183;1900;jura;1806
2184;1903;gers;1746
2185;1895;seine-maritime;6495
2186;1891;martinique;713
2187;1900;indre-et-loire;1896
2188;1903;correze;3021
2189;1918;creuse;2380
2190;1890;oise;0
2191;1918;cote+d%27or;0
2192;1916;calvados;0
2193;1901;herault;149
2194;1902;oise;0
2195;1917;indre;2583
2196;1894;charente-maritime;3385
2197;1893;memoire+des+hommes;780
2198;1917;pyrenees-atlantiques;4401
2199;1919;bas-rhin;3061
2200;1894;isere;4992
2201;1917;ariege;1675
2202;1913;martinique;1858
2203;1903;alpes-de-haute-provence;893
2204;1901;haute-vienne;4796
2205;1895;maine-et-loire;0
2206;1902;meurthe-et-moselle;0
2207;1912;ardennes;3190
2208;1911;cher;82
2209;1915;isere;4284
2210;1905;haute-savoie;2404
2211;1910;isere;3890
2212;1901;hautes-alpes;1157
2213;1917;savoie;0
2214;1893;martinique;751
2215;1900;puy-de-dome;364
2216;1905;herault;535
2217;1914;loir-et-cher;499
2218;1904;creuse;2388
2219;1891;herault;164
2220;1889;doubs;0
2221;1919;vienne;0
2222;1900;tarn;2330
2223;1901;lot-et-garonne;2534
2224;1917;cotes+d%27armor;6762
2225;1894;vienne;1687
2226;1901;indre-et-loire;2093
2227;1917;mayenne;2844
2228;1894;tarn-et-garonne;1597
2229;1902;vosges;4547
2230;1903;aude;2561
2231;1895;manche;1489
2232;1896;corse;2359
2233;1919;manche;1632
2234;1901;landes;2744
2235;1901;nievre;3929
2236;1917;creuse;2348
2237;1919;loir-et-cher;0
2238;1919;archives+nationales+d%27outre+mer;7938
2239;1901;martinique;1011
2240;1902;nievre;3274
2241;1905;jura;2204
2242;1893;lozere;0
2243;1901;meuse;3723
2244;1912;hautes-alpes;912
2245;1905;ille-et-vilaine;5338
2246;1908;marne;5150
2247;1896;loire;0
2248;1902;haut-rhin;1410
2249;1901;var;1657
2250;1918;vosges;4973
2251;1915;paris;27250
2252;1916;cher;75
2253;1890;deux-sevres;2012
2254;1913;loir-et-cher;0
2255;1916;martinique;1481
2256;1894;indre;3783
2257;1917;archives+diplomatiques;829
2258;1919;alpes-de-haute-provence;868
2259;1893;rhone;0
2260;1918;cher;47
2261;1913;pas-de-calais;10479
2262;1916;gers;1750
2263;1904;ardennes;2643
2264;1910;herault;2504
2265;1890;maine-et-loire;1693
2266;1918;ille-et-vilaine;6117
2267;1894;marne;5470
2268;1919;seine-et-marne;4074
2269;1912;correze;3344
2270;1902;bas-rhin;2757
2271;1913;doubs;1256
2272;1913;alpes-maritimes;2144
2273;1902;cotes+d%27armor;4943
2274;1903;loire;3211
2275;1919;lozere;0
2276;1916;lozere;0
2277;1905;lozere;0
2278;1914;pyrenees-orientales;1775
2279;1900;charente-maritime;3474
2280;1915;aisne;968
2281;1900;loiret;2988
2282;1902;doubs;1341
2283;1893;vosges;4393
2284;1898;aube;1349
2285;1893;lot-et-garonne;2826
2286;1908;puy-de-dome;430
2287;1894;gironde;6101
2288;1919;haute-marne;1107
2289;1904;haute-loire;2755
2290;1913;cher;45
2291;1890;landes;1717
2292;1895;seine-et-marne;2848
2293;1919;paris;28803
2294;1919;martinique;1643
2295;1917;tarn;4697
2296;1891;deux-sevres;1940
2297;1900;maine-et-loire;0
2298;1916;maine-et-loire;0
2299;1895;meuse;2554
2300;1889;charente-maritime;3238
2301;1908;maine-et-loire;0
2302;1911;seine-maritime;8156
2303;1891;marne;4313
2304;1900;haute-saone;1524
2305;1917;meuse;4766
2306;1913;meurthe-et-moselle;0
2307;1905;calvados;0
2308;1900;isere;0
2309;1913;moselle;0
2310;1911;isere;4174
2311;1894;bas-rhin;84
2312;1890;paris;19039
2313;1900;eure;1436
2314;1893;nievre;4121
2315;1905;paris;23746
2316;1905;haute-garonne;3317
2317;1890;haute-loire;2267
2318;1904;memoire+des+hommes;2482
2319;1900;seine-et-marne;2683
2320;1912;maine-et-loire;0
2321;1903;aube;1906
2322;1900;cantal;2271
2323;1911;lot-et-garonne;1932
2324;1893;maine-et-loire;0
2325;1915;calvados;0
2326;1891;maine-et-loire;0
2327;1894;haute-loire;2675
2328;1894;ardennes;3424
2329;1890;nord;0
2330;1912;tarn-et-garonne;1209
2331;1902;correze;2965
2332;1908;lot;1511
2333;1892;loir-et-cher;0
2334;1890;var;0
2335;1913;corse;2870
2336;1905;aube;1586
2337;1901;haute-marne;1409
2338;1891;loire;0
2339;1895;vienne;1682
2340;1895;savoie;0
2341;1918;ardennes;3669
2342;1911;somme;4056
2343;1915;doubs;1265
2344;1900;loire-atlantique;5439
2345;1902;bouches-du-rhone;4373
2346;1889;gard;3598
2347;1904;cher;772
2348;1911;drome;2248
2349;1902;memoire+des+hommes;2225
2350;1915;saone-et-loire;6077
2351;1894;eure-et-loir;1833
2352;1905;alpes-maritimes;2320
2353;1918;ariege;1356
2354;1901;deux-sevres;2824
2355;1917;ain;302
2356;1900;var;1714
2357;1911;haute-saone;2205
2358;1905;isere;0
2359;1890;dordogne;2942
2360;1918;puy-de-dome;1
2361;1901;territoire+de+belfort;2363
2362;1918;deux-sevres;2450
2363;1904;eure-et-loir;72
2364;1895;archives+diplomatiques;0
2365;1895;saone-et-loire;5508
2366;1896;ain;832
2367;1895;hautes-pyrenees;2806
2368;1913;loire-atlantique;6934
2369;1890;eure-et-loir;4
2370;1900;haute-savoie;2387
2371;1917;vienne;141
2372;1895;indre-et-loire;2040
2373;1905;pas-de-calais;9029
2374;1893;pyrenees-atlantiques;4960
2375;1896;haute-garonne;4044
2376;1918;pas-de-calais;10294
2377;1900;oise;0
2378;1900;saone-et-loire;5005
2379;1912;bas-rhin;3235
2380;1900;alpes-de-haute-provence;1247
2381;1913;memoire+des+hommes;3723
2382;1900;somme;3669
2383;1918;doubs;1752
2384;1908;martinique;1049
2385;1901;seine-maritime;7702
2386;1902;alpes-maritimes;1993
2387;1919;loire;4346
2388;1905;landes;2717
2389;1911;ardennes;3648
2390;1905;nievre;2836
2391;1902;ardennes;3004
2392;1918;hautes-alpes;931
2393;1905;loir-et-cher;0
2394;1894;ain;441
2395;1916;creuse;2433
2396;1902;cote+d%27or;1
2397;1905;correze;3163
2398;1902;saone-et-loire;5561
2399;1904;loiret;83
2400;1912;lot;1375
2401;1902;puy-de-dome;1
2402;1915;yonne;2262
2403;1914;allier;0
2404;1894;cher;27
2405;1917;hautes-alpes;962
2406;1903;ardennes;2866
2407;1910;cotes+d%27armor;5983
2408;1890;meurthe-et-moselle;1526
2409;1905;alpes-de-haute-provence;959
2410;1894;oise;0
2411;1909;aveyron;0
2412;1908;orne;2301
2413;1916;haute-saone;2230
2414;1917;pas-de-calais;10948
2415;1905;pyrenees-atlantiques;4334
2416;1917;isere;4397
2417;1899;yonne;1104
2418;1912;territoire+de+belfort;2121
2419;1893;yonne;2304
2420;1901;ardeche;1952
2421;1905;pyrenees-orientales;1957
2422;1893;morbihan;4880
2423;1900;nord;2433
2424;1915;maine-et-loire;0
2425;1904;guadeloupe;1285
2426;1894;corse;2450
2427;1890;loiret;3123
2428;1919;eure-et-loir;224
2429;1915;aveyron;0
2430;1904;gers;1707
2431;1915;var;2205
2432;1905;seine-maritime;8129
2433;1917;allier;0
2434;1915;gard;4166
2435;1902;charente;4561
2436;1894;ille-et-vilaine;5762
2437;1899;saone-et-loire;5405
2438;1900;yonne;1988
2439;1912;ain;1077
2440;1900;drome;2206
2441;1893;loiret;22
2442;1901;pas-de-calais;8509
2443;1916;alpes-de-haute-provence;920
2444;1894;lot;1648
2445;1915;gironde;9143
2446;1912;ardeche;1968
2447;1896;herault;112
2448;1916;nord;1
2449;1903;haute-garonne;3107
2450;1917;lozere;0
2451;1918;vaucluse;1811
2452;1911;orne;2633
2453;1890;finistere;5621
2454;1892;loiret;180
2455;1900;vendee;3922
2456;1900;martinique;1027
2457;1904;haute-saone;1738
2458;1893;puy-de-dome;56
2459;1901;haute-garonne;3250
2460;1902;ariege;1700
2461;1891;finistere;5948
2462;1902;nord;1
2463;1891;gironde;4973
2464;1895;nord;2
2465;1901;vosges;4405
2466;1902;aude;2550
2467;1913;jura;2088
2468;1895;mayenne;2839
2469;1894;yonne;2270
2470;1901;aveyron;2453
2471;1904;gard;4191
2472;1899;nord;2062
2473;1915;archives+nationales+d%27outre+mer;10365
2474;1895;martinique;871
2475;1905;vendee;3813
2476;1909;nord;0
2477;1893;meuse;2596
2478;1910;loire-atlantique;5185
2479;1893;jura;1865
2480;1901;morbihan;5469
2481;1905;meurthe-et-moselle;0
2482;1890;haute-garonne;3578
2483;1891;eure;1430
2484;1904;doubs;1297
2485;1890;eure;1414
2486;1904;haute-marne;949
2487;1900;finistere;6634
2488;1890;martinique;704
2489;1890;lozere;1851
2490;1916;cotes+d%27armor;6960
2491;1919;aude;2486
2492;1901;haute-saone;36
2493;1894;bouches-du-rhone;3991
2494;1901;guadeloupe;1108
2495;1890;moselle;0
2496;1894;calvados;0
2497;1902;landes;2585
2498;1901;dordogne;3464
2499;1901;corse;2493
2500;1913;tarn-et-garonne;1292
2501;1893;loire;0
2502;1901;oise;0
2503;1901;cantal;2361
2504;1891;paris;16943
2505;1900;cotes+d%27armor;4503
2506;1918;var;2367
2507;1901;ardennes;1724
2508;1919;drome;2321
2509;1914;pyrenees-atlantiques;3711
2510;1901;alpes-de-haute-provence;1324
2511;1906;bas-rhin;2893
2512;1901;marne;6329
2513;1903;hautes-alpes;1024
2514;1900;vaucluse;1719
2515;1902;territoire+de+belfort;2269
2516;1909;ardennes;2698
2517;1904;aude;2560
2518;1917;moselle;0
2519;1891;meuse;1517
2520;1904;deux-sevres;3239
2521;1890;somme;3700
2522;1893;somme;4375
2523;1895;vaucluse;1764
2524;1900;dordogne;3368
2525;1891;creuse;1749
2526;1913;yvelines;6270
2527;1900;meuse;2051
2528;1903;lot;1679
2529;1893;pyrenees-orientales;1791
2530;1904;archives+diplomatiques;0
2531;1891;memoire+des+hommes;384
2532;1891;cotes+d%27armor;4192
2533;1916;allier;0
2534;1890;gironde;5640
2535;1902;aveyron;3509
2536;1910;tarn;3338
2537;1893;moselle;0
2538;1902;indre-et-loire;2480
2539;1904;ain;691
2540;1895;ille-et-vilaine;5730
2541;1901;jura;1823
2542;1901;calvados;0
2543;1893;gers;1780
2544;1893;nord;0
2545;1900;deux-sevres;2240
2546;1894;haute-garonne;4009
2547;1900;correze;3754
2548;1918;memoire+des+hommes;1459
2549;1891;corse;2167
2550;1912;haute-savoie;2200
2551;1895;sarthe;18143
2552;1916;lot;1497
2553;1901;bas-rhin;2763
2554;1919;cote+d%27or;0
2555;1914;yonne;2307
2556;1909;ain;249
2557;1896;correze;4336
2558;1908;pyrenees-orientales;1685
2559;1913;vaucluse;1702
2560;1915;lot;1444
2561;1911;manche;1804
2562;1911;ille-et-vilaine;6224
2563;1912;loire-atlantique;6726
2564;1901;isere;0
2565;1912;deux-sevres;2967
2566;1905;ain;701
2567;1894;eure;1651
2568;1895;loire-atlantique;5183
2569;1905;indre-et-loire;2564
2570;1891;archives+nationales+d%27outre+mer;5682
2571;1896;eure-et-loir;51
2572;1895;aveyron;2638
2573;1905;manche;1605
2574;1901;paris;22729
2575;1894;allier;0
2576;1901;eure-et-loir;28
2577;1891;doubs;0
2578;1905;finistere;7575
2579;1898;archives+diplomatiques;0
2580;1902;loiret;3110
2581;1911;pas-de-calais;9531
2582;1901;creuse;1735
2583;1905;drome;2282
2584;1894;ariege;1498
2585;1900;bouches-du-rhone;3471
2586;1912;landes;2451
2587;1905;creuse;2367
2588;1904;charente;4418
2589;1890;jura;1920
2590;1889;creuse;1824
2591;1901;aube;596
2592;1919;isere;4371
2593;1919;vaucluse;1771
2594;1912;puy-de-dome;3124
2595;1903;yonne;1951
2596;1908;savoie;0
2597;1914;indre-et-loire;2486
2598;1902;gers;1771
2599;1914;charente;5195
2600;1915;cotes+d%27armor;5619
2601;1916;saone-et-loire;5600
2602;1890;ille-et-vilaine;4819
2603;1912;savoie;0
2604;1905;charente-maritime;3359
2605;1915;martinique;1539
2606;1900;archives+diplomatiques;0
2607;1896;archives+nationales+d%27outre+mer;6498
2608;1904;aveyron;3454
2609;1895;loir-et-cher;0
2610;1910;drome;2043
2611;1904;haute-savoie;2363
2612;1916;vienne;2786
2613;1905;aveyron;3392
2614;1904;aube;1588
2615;1919;haute-savoie;2562
2616;1890;haute-vienne;4043
2617;1900;pyrenees-orientales;1801
2618;1891;indre-et-loire;1805
2619;1912;archives+diplomatiques;407
2620;1900;pas-de-calais;8003
2621;1900;orne;2332
2622;1915;vendee;3940
2623;1893;savoie;0
2624;1902;aisne;1221
2625;1894;hautes-pyrenees;2703
2626;1895;doubs;1906
2627;1918;alpes-maritimes;2779
2628;1896;aisne;1255
2629;1918;correze;3163
2630;1893;haute-vienne;4802
2631;1901;somme;2894
2632;1900;manche;1466
2633;1893;haute-savoie;2496
2634;1910;haute-vienne;2948
2635;1890;memoire+des+hommes;284
2636;1900;lot;1333
2637;1904;alpes-maritimes;2141
2638;1917;cher;61
2639;1893;haute-loire;2534
2640;1917;yvelines;6959
2641;1914;loire;4055
2642;1902;calvados;0
2643;1905;archives+nationales+d%27outre+mer;8436
2644;1900;indre;3357
2645;1899;pyrenees-atlantiques;4939
2646;1915;marne;10124
2647;1899;pas-de-calais;8070
2648;1891;hautes-pyrenees;2187
2649;1890;marne;4373
2650;1917;somme;4822
2651;1914;lozere;0
2652;1918;martinique;1751
2653;1891;cote+d%27or;0
2654;1916;lot-et-garonne;2041
2655;1914;ardeche;2081
2656;1895;corse;2480
2657;1895;drome;2509
2658;1902;archives+nationales+d%27outre+mer;7045
2659;1890;orne;2358
2660;1902;finistere;7658
2661;1917;aude;2660
2662;1916;marne;12043
2663;1901;allier;0
2664;1891;isere;4285
2665;1891;ardennes;2069
2666;1916;vendee;3834
2667;1914;hautes-pyrenees;2866
2668;1904;martinique;1189
2669;1905;gers;1605
2670;1904;seine-maritime;7706
2671;1891;haute-garonne;3464
2672;1891;loiret;1532
2673;1904;lot-et-garonne;1866
2674;1894;haute-marne;1502
2675;1912;meurthe-et-moselle;0
2676;1905;somme;2756
2677;1911;ain;794
2678;1901;vaucluse;1834
2679;1899;moselle;0
2680;1918;haute-marne;1219
2681;1917;bas-rhin;3791
2682;1902;indre;2593
2683;1896;aube;2028
2684;1905;gard;4339
2685;1918;indre;2354
2686;1904;gironde;5822
2687;1914;bouches-du-rhone;5546
2688;1917;ardeche;2133
2689;1904;bouches-du-rhone;4250
2690;1894;aisne;1239
2691;1901;tarn;2543
2692;1894;orne;2622
2693;1900;creuse;1657
2694;1918;lot-et-garonne;1940
2695;1905;mayenne;2595
2696;1902;savoie;0
2697;1919;indre-et-loire;3405
2698;1912;eure-et-loir;370
2699;1896;ardeche;2265
2700;1895;yonne;2198
2701;1900;gironde;5665
2702;1905;ariege;1740
2703;1914;cher;187
2704;1914;loire-atlantique;7219
2705;1902;corse;2447
2706;1894;dordogne;3613
2707;1902;haute-saone;707
2708;1896;doubs;1851
2709;1902;hautes-alpes;949
2710;1902;jura;2181
2711;1914;drome;2369
2712;1893;sarthe;4384
2713;1896;charente;2204
2714;1894;seine-maritime;7441
2715;1890;sarthe;3878
2716;1902;seine-et-marne;2819
2717;1900;territoire+de+belfort;2540
2718;1912;marne;8840
2719;1902;rhone;0
2720;1905;loire;3275
2721;1895;correze;4123
2722;1913;haute-saone;2160
2723;1905;lot;1720
2724;1916;seine-et-marne;3836
2725;1918;tarn;4249
2726;1919;ardeche;2015
2727;1917;haute-vienne;3715
2728;1905;meuse;3692
2729;1916;haute-marne;1111
2730;1918;guadeloupe;1433
2731;1905;tarn;3739
2732;1904;marne;5015
2733;1914;aube;1053
2734;1904;nievre;2878
2735;1919;alpes-maritimes;2542
2736;1919;haute-garonne;3916
2737;1894;deux-sevres;2325
2738;1899;mayenne;2998
2739;1901;haut-rhin;1297
2740;1899;meurthe-et-moselle;0
2741;1914;memoire+des+hommes;4192
2742;1911;meuse;4404
2743;1894;pas-de-calais;7976
2744;1917;eure;1717
2745;1893;mayenne;2971
2746;1915;puy-de-dome;16
2747;1894;drome;2435
2748;1917;lot-et-garonne;2062
2749;1900;haute-vienne;4662
2750;1902;aube;2364
2751;1915;haute-loire;2687
2752;1904;vosges;4390
2753;1890;guadeloupe;503
2754;1891;gard;3951
2755;1905;nord;0
2756;1894;haute-vienne;4977
2757;1891;aube;1573
2758;1902;maine-et-loire;0
2759;1918;alpes-de-haute-provence;886
2760;1895;memoire+des+hommes;937
2761;1908;nord;0
2762;1894;loire;0
2763;1895;oise;0
2764;1894;aveyron;2585
2765;1900;savoie;0
2766;1904;correze;3094
2767;1894;martinique;810
2768;1918;tarn-et-garonne;1208
2769;1900;marne;5546
2770;1890;vendee;3263
2771;1902;pyrenees-orientales;1852
2772;1912;lozere;0
2773;1895;pas-de-calais;7842
2774;1913;sarthe;0
2775;1891;guadeloupe;596
2776;1919;corse;2703
2777;1912;indre-et-loire;2254
2778;1901;vendee;4130
2779;1904;vaucluse;1652
2780;1914;meuse;5080
2781;1908;vaucluse;1686
2782;1901;lot;1557
2783;1903;haute-saone;621
2784;1917;var;2469
2785;1901;manche;1498
2786;1905;indre;2471
2787;1917;gard;0
2788;1913;correze;0
2789;1912;guadeloupe;1585
2790;1913;finistere;8320
2791;1917;herault;14
2792;1917;aisne;1163
2793;1909;alpes-maritimes;2095
2794;1916;yonne;2526
2795;1910;territoire+de+belfort;2036
2796;1913;dordogne;4033
2797;1914;aveyron;0
2798;1890;seine-maritime;6103
2799;1891;ardeche;1900
2800;1902;cher;92
2801;1895;bouches-du-rhone;3914
2802;1913;loire;4215
2803;1891;lot-et-garonne;2406
2804;1910;lot;1401
2805;1912;cantal;1714
2806;1918;rhone;0
2807;1917;saone-et-loire;5637
2808;1895;landes;1903
2809;1914;haute-savoie;2306
2810;1900;paris;21116
2811;1918;haute-vienne;3496
2812;1904;jura;2074
2813;1900;loire;3938
2814;1916;eure;1595
2815;1894;cote+d%27or;1
2816;1912;gers;1805
2817;1911;aude;2290
2818;1894;gard;4722
2819;1918;gironde;8501
2820;1903;cantal;1914
2821;1919;cantal;2190
2822;1895;ain;443
2823;1911;haute-savoie;2286
2824;1902;ain;445
2825;1890;yonne;2429
2826;1914;correze;3257
2827;1890;doubs;1553
2828;1914;eure;1584
2829;1901;rhone;0
2830;1918;lot;1415
2831;1916;finistere;9432
2832;1916;savoie;0
2833;1896;haute-saone;1760
2834;1895;lozere;1
2835;1905;rhone;0
2836;1904;eure;1576
2837;1903;landes;2619
2838;1914;seine-et-marne;3908
2839;1901;cher;440
2840;1903;cote+d%27or;0
2841;1916;meurthe-et-moselle;0
2842;1893;tarn;2494
2843;1919;nievre;2578
2844;1919;pyrenees-atlantiques;5151
2845;1916;landes;2854
2846;1899;vaucluse;1739
2847;1909;allier;0
2848;1905;var;1993
2849;1902;eure;1616
2850;1890;haute-savoie;2521
2851;1900;hautes-alpes;1117
2852;1900;corse;2315
2853;1897;vienne;530
2854;1900;cher;2454
2855;1890;pyrenees-atlantiques;4104
2856;1905;puy-de-dome;4
2857;1901;gironde;6018
2858;1912;vaucluse;1690
2859;1896;aveyron;2768
2860;1912;saone-et-loire;5225
2861;1900;vosges;4034
2862;1908;loire-atlantique;5435
2863;1915;haute-marne;1047
2864;1890;puy-de-dome;352
2865;1901;seine-et-marne;2818
2866;1919;finistere;8290
2867;1917;bouches-du-rhone;7667
2868;1913;somme;4254
2869;1918;cantal;1852
2870;1914;haute-marne;1402
2871;1894;alpes-maritimes;0
2872;1917;vendee;4088
2873;1912;yonne;1919
2874;1889;drome;2403
2875;1917;orne;2838
2876;1919;puy-de-dome;0
2877;1905;cotes+d%27armor;4916
2878;1901;loiret;3089
2879;1890;meuse;1672
2880;1900;haute-marne;1362
2881;1895;pyrenees-orientales;1405
2882;1919;deux-sevres;3060
2883;1894;archives+nationales+d%27outre+mer;6523
2884;1903;cher;172
2885;1916;seine-maritime;9026
2886;1890;loir-et-cher;0
2887;1890;pyrenees-orientales;1546
2888;1890;hautes-alpes;1037
2889;1896;haut-rhin;2784
2890;1901;nord;2578
2891;1893;lot;1588
2892;1914;guadeloupe;1520
2893;1891;bas-rhin;40
2894;1896;creuse;1868
2895;1894;loire-atlantique;5366
2896;1891;ain;750
2897;1916;bouches-du-rhone;5411
2898;1896;dordogne;3719
2899;1894;cantal;2472
2900;1915;aube;2309
2901;1900;meurthe-et-moselle;0
2902;1890;drome;2417
2903;1912;meuse;4000
2904;1902;creuse;2232
2905;1912;eure;1504
2906;1900;rhone;1002
2907;1893;manche;1552
2908;1900;bas-rhin;2619
2909;1919;creuse;2301
2910;1915;tarn-et-garonne;1287
2911;1895;var;0
2912;1894;aube;1832
2913;1904;territoire+de+belfort;2310
2914;1899;nievre;4146
2915;1901;archives+diplomatiques;0
2916;1890;pas-de-calais;6798
2917;1901;moselle;0
2918;1896;guadeloupe;1185
2919;1900;haute-loire;2449
2920;1894;nievre;4207
2921;1913;aisne;1185
2922;1895;tarn-et-garonne;1490
2923;1903;lozere;0
2924;1893;loire-atlantique;5186
2925;1901;charente;3184
2926;1915;pyrenees-orientales;1659
2927;1900;nievre;3879
2928;1909;archives+nationales+d%27outre+mer;8339
2929;1918;gard;0
2930;1908;paris;25066
2931;1908;loiret;3065
2932;1913;haute-vienne;3539
2933;1894;vendee;3851
2934;1916;tarn-et-garonne;1379
2935;1902;deux-sevres;3365
2936;1905;haute-loire;2852
2937;1896;archives+diplomatiques;0
2938;1905;doubs;1396
2939;1905;corse;2713
2940;1894;lozere;0
2941;1896;alpes-de-haute-provence;1279
2942;1895;morbihan;5400
2943;1904;yonne;2245
2944;1896;haute-loire;2688
2945;1891;mayenne;2568
2946;1891;lot;1349
2947;1915;guadeloupe;1628
2948;1896;bouches-du-rhone;4034
2949;1894;var;0
2950;1896;eure;1639
2951;1894;puy-de-dome;121
2952;1900;loir-et-cher;0
2953;1900;hautes-pyrenees;2981
2954;1902;haute-marne;943
2955;1901;pyrenees-atlantiques;4103
2956;1893;hautes-alpes;1123
2957;1917;nievre;2831
2958;1911;loir-et-cher;0
2959;1905;eure;1589
2960;1902;orne;2509
2961;1914;ain;1111
2962;1905;dordogne;4134
2963;1896;cher;42
2964;1901;yvelines;4936
2965;1910;orne;2236
2966;1915;jura;2221
2967;1890;indre;3633
2968;1891;haute-saone;1381
2969;1919;bouches-du-rhone;5865
2970;1890;mayenne;2522
2971;1905;oise;0
2972;1895;yvelines;4523
2973;1894;jura;2054
2974;1917;dordogne;4266
2975;1905;loire-atlantique;5599
2976;1914;ariege;1587
2977;1903;haut-rhin;1372
2978;1909;archives+diplomatiques;386
2979;1894;pyrenees-atlantiques;4873
2980;1888;aube;1656
2981;1889;finistere;5725
2982;1905;orne;2328
2983;1905;lot-et-garonne;2088
2984;1891;haute-vienne;3883
2985;1911;lozere;1
2986;1903;creuse;2420
2987;1904;haute-vienne;3656
2988;1913;cantal;1870
2989;1905;ardennes;2835
2990;1901;saone-et-loire;5263
2991;1905;cantal;2048
2992;1905;charente;4726
2993;1912;orne;2804
2994;1896;gers;1758
2995;1901;bouches-du-rhone;3916
2996;1916;aube;536
2997;1919;archives+diplomatiques;1138
2998;1915;bouches-du-rhone;6823
2999;1899;manche;1599
3000;1913;puy-de-dome;1773
3001;1916;indre-et-loire;2703
3002;1918;haut-rhin;3653
3003;1904;lozere;0
3004;1911;alpes-de-haute-provence;797
3005;1905;haut-rhin;1305
3006;1905;maine-et-loire;0
3007;1891;eure-et-loir;58
3008;1919;orne;2013
3009;1919;gironde;7896
3010;1901;yonne;2371
3011;1914;cantal;2030
3012;1901;orne;1441
3013;1894;mayenne;2948
3014;1904;sarthe;4434
3015;1902;haute-vienne;3441
3016;1910;creuse;2154
3017;1890;lot;1515
3018;1916;ardeche;2125
3019;1915;deux-sevres;2317
3020;1904;pyrenees-orientales;1892
3021;1914;archives+diplomatiques;432
3022;1918;sarthe;3601
3023;1890;lot-et-garonne;2518
3024;1904;nord;0
3025;1911;correze;3121
3026;1894;landes;1931
3027;1901;haute-loire;2348
3028;1900;lot-et-garonne;2450
3029;1913;archives+nationales+d%27outre+mer;9570
3030;1901;gard;4238
3031;1904;paris;23065
3032;1914;calvados;0
3033;1900;cote+d%27or;3
3034;1902;gironde;5968
3035;1916;loire-atlantique;6969
3036;1915;nievre;2778
3037;1916;loiret;35
3038;1918;eure;1566
3039;1908;memoire+des+hommes;2758
3040;1890;indre-et-loire;1786
3041;1909;bouches-du-rhone;4798
3042;1895;pyrenees-atlantiques;4875
3043;1910;landes;2326
3044;1915;vienne;2402
3045;1917;haut-rhin;3572
3046;1908;somme;3958
3047;1918;aisne;1075
3048;1911;deux-sevres;2906
3049;1910;dordogne;3095
3050;1918;haute-garonne;3773
3051;1908;loire;3582
3052;1908;nievre;2791
3053;1908;meurthe-et-moselle;2942
3054;1919;marne;6263
3055;1903;allier;0
3056;1894;haut-rhin;1489
3057;1901;hautes-pyrenees;3192
3058;1918;archives+diplomatiques;872
3059;1904;finistere;7611
3060;1919;jura;2188
3061;1890;morbihan;4061
3062;1919;meurthe-et-moselle;0
3063;1891;manche;1374
3064;1912;tarn;3510
3065;1889;eure;1631
3066;1910;morbihan;5676
3067;1905;marne;5168
3068;1905;loiret;6
3069;1889;dordogne;3410
3070;1896;deux-sevres;2489
3071;1910;seine-et-marne;2647
3072;1917;nord;0
3073;1889;deux-sevres;2143
3074;1895;alpes-maritimes;0
3075;1915;pyrenees-atlantiques;3837
3076;1912;ariege;1541
3077;1896;cotes+d%27armor;5061
3078;1895;cotes+d%27armor;4829
3079;1900;herault;1506
3080;1902;tarn;3970
3081;1905;hautes-alpes;1053
3082;1914;meurthe-et-moselle;0
3083;1908;saone-et-loire;5475
3084;1894;somme;4311
3085;1905;haute-marne;980
3086;1917;deux-sevres;2593
3087;1905;gironde;6065
3088;1911;haute-loire;2606
3089;1918;indre-et-loire;2526
3090;1905;guadeloupe;1316
3091;1904;corse;2644
3092;1902;loire;3258
3093;1896;bas-rhin;2473
3094;1905;cher;802
3095;1896;aude;3842
3096;1916;moselle;0
3097;1904;cantal;1974
3098;1894;morbihan;5489
3099;1904;drome;2297
3100;1913;creuse;2387
3101;1918;maine-et-loire;0
3102;1910;corse;2401
3103;1905;bas-rhin;2823
3104;1893;territoire+de+belfort;2232
3105;1902;charente-maritime;3446
3106;1895;charente-maritime;3537
3107;1896;alpes-maritimes;0
3108;1903;finistere;7501
3109;1903;lot-et-garonne;1970
3110;1889;cote+d%27or;0
3111;1916;meuse;4716
3112;1908;sarthe;0
3113;1891;loir-et-cher;0
3114;1893;saone-et-loire;5314
3115;1919;ariege;0
3116;1918;finistere;8400
3117;1913;ariege;1557
3118;1894;cotes+d%27armor;5108
3119;1917;guadeloupe;1474
3120;1913;ardeche;2168
3121;1894;doubs;1790
3122;1902;marne;5054
3123;1901;lozere;0
3124;1905;territoire+de+belfort;2272
3125;1894;sarthe;2357
3126;1901;aude;3675
3127;1894;moselle;0
3128;1902;mayenne;2903
3129;1904;meurthe-et-moselle;0
3130;1891;meurthe-et-moselle;0
3131;1914;gers;1422
3132;1901;loir-et-cher;0
3133;1904;haute-garonne;3144
3134;1900;eure-et-loir;1393
